# Host: cy.liesunw.com  (Version: 5.7.18)
# Date: 2018-01-23 14:12:14
# Generator: MySQL-Front 5.3  (Build 4.234)

/*!40101 SET NAMES utf8 */;

#
# Structure for table "base64_data"
#

DROP TABLE IF EXISTS `base64_data`;
CREATE TABLE `base64_data` (
  `c` char(1) CHARACTER SET utf8 COLLATE utf8_bin DEFAULT NULL,
  `val` tinyint(4) DEFAULT NULL
) ENGINE=MyISAM DEFAULT CHARSET=utf8;

#
# Data for table "base64_data"
#

/*!40000 ALTER TABLE `base64_data` DISABLE KEYS */;
INSERT INTO `base64_data` VALUES ('A',0),('B',1),('C',2),('D',3),('E',4),('F',5),('G',6),('H',7),('I',8),('J',9),('K',10),('L',11),('M',12),('N',13),('O',14),('P',15),('Q',16),('R',17),('S',18),('T',19),('U',20),('V',21),('W',22),('X',23),('Y',24),('Z',25),('a',26),('b',27),('c',28),('d',29),('e',30),('f',31),('g',32),('h',33),('i',34),('j',35),('k',36),('l',37),('m',38),('n',39),('o',40),('p',41),('q',42),('r',43),('s',44),('t',45),('u',46),('v',47),('w',48),('x',49),('y',50),('z',51),('0',52),('1',53),('2',54),('3',55),('4',56),('5',57),('6',58),('7',59),('8',60),('9',61),('+',62),('/',63),('=',0);
/*!40000 ALTER TABLE `base64_data` ENABLE KEYS */;

#
# Structure for table "cy_admin"
#

DROP TABLE IF EXISTS `cy_admin`;
CREATE TABLE `cy_admin` (
  `admin_id` int(10) unsigned NOT NULL AUTO_INCREMENT COMMENT '管理员ID',
  `account` varchar(50) NOT NULL COMMENT '帐号',
  `nickname` varchar(50) DEFAULT NULL COMMENT '昵称',
  `password` varchar(50) DEFAULT NULL COMMENT '密码',
  `phone` varchar(20) DEFAULT NULL COMMENT '手机',
  `email` varchar(200) DEFAULT NULL COMMENT '邮箱',
  `headimg` varchar(255) DEFAULT NULL COMMENT '头像',
  `group` int(5) NOT NULL DEFAULT '0' COMMENT '用户组',
  `status` int(1) NOT NULL DEFAULT '1' COMMENT '状态：0-禁用，1-启用',
  `last_login_ip` varchar(20) DEFAULT NULL COMMENT '最后登录IP',
  `last_login_time` int(11) DEFAULT NULL COMMENT '最后登陆时间',
  `delete_time` int(11) DEFAULT NULL COMMENT '删除时间',
  `update_time` int(11) DEFAULT NULL COMMENT '修改时间',
  `create_time` int(11) DEFAULT NULL COMMENT '创建时间',
  `login_status` int(1) DEFAULT '0' COMMENT '登录状态0-未登录，1-pc ，2-手机',
  PRIMARY KEY (`admin_id`)
) ENGINE=MyISAM AUTO_INCREMENT=57 DEFAULT CHARSET=utf8 COMMENT='管理员';

#
# Data for table "cy_admin"
#

/*!40000 ALTER TABLE `cy_admin` DISABLE KEYS */;
INSERT INTO `cy_admin` VALUES (1,'admin','admin','cda6V4BovYb49ecoBCnSSlIFaTXrWgV3VAmumxFlG5GY1pM','13122228889','134121669@qq.com','admin/1516346589.png',1,1,'127.0.0.1',1499392044,NULL,1516346589,NULL,1),(55,'wanggang','曾经梦想仗剑游天下','67a8mUPBZpD0v34SujEhB1FdmYedoXbZWWyMyRnMBhKEqvE','13510254650','944295824@qq.com',NULL,26,1,NULL,NULL,NULL,1509602658,1509602450,0),(56,'test_w','test_w','c151b1o0iC1JlPwNn5RvaN3uW1298rC3VcRbWSvDRLnZ7oo','13510240002','5485485@qq.com','admin/1513156960.jpg',27,1,NULL,NULL,NULL,1513156960,1512713487,0);
/*!40000 ALTER TABLE `cy_admin` ENABLE KEYS */;

#
# Structure for table "cy_areas"
#

DROP TABLE IF EXISTS `cy_areas`;
CREATE TABLE `cy_areas` (
  `area_id` smallint(6) unsigned NOT NULL AUTO_INCREMENT COMMENT '地区id',
  `parent_id` smallint(6) unsigned NOT NULL DEFAULT '0' COMMENT '地区父id',
  `area_name` varchar(120) NOT NULL DEFAULT '' COMMENT '地区名称',
  `area_type` tinyint(1) NOT NULL DEFAULT '2' COMMENT '地区类型 0:country,1:province,2:city,3:district',
  PRIMARY KEY (`area_id`),
  KEY `parent_id` (`parent_id`),
  KEY `area_type` (`area_type`)
) ENGINE=InnoDB AUTO_INCREMENT=3409 DEFAULT CHARSET=utf8 ROW_FORMAT=DYNAMIC COMMENT='全国行政区表';

#
# Data for table "cy_areas"
#

INSERT INTO `cy_areas` VALUES (1,0,'中国',0),(2,1,'北京',1),(3,1,'安徽',1),(4,1,'福建',1),(5,1,'甘肃',1),(6,1,'广东',1),(7,1,'广西',1),(8,1,'贵州',1),(9,1,'海南',1),(10,1,'河北',1),(11,1,'河南',1),(12,1,'黑龙江',1),(13,1,'湖北',1),(14,1,'湖南',1),(15,1,'吉林',1),(16,1,'江苏',1),(17,1,'江西',1),(18,1,'辽宁',1),(19,1,'内蒙古',1),(20,1,'宁夏',1),(21,1,'青海',1),(22,1,'山东',1),(23,1,'山西',1),(24,1,'陕西',1),(25,1,'上海',1),(26,1,'四川',1),(27,1,'天津',1),(28,1,'西藏',1),(29,1,'新疆',1),(30,1,'云南',1),(31,1,'浙江',1),(32,1,'重庆',1),(33,1,'香港',1),(34,1,'澳门',1),(35,1,'台湾',1),(36,3,'安庆',2),(37,3,'蚌埠',2),(38,3,'巢湖',2),(39,3,'池州',2),(40,3,'滁州',2),(41,3,'阜阳',2),(42,3,'淮北',2),(43,3,'淮南',2),(44,3,'黄山',2),(45,3,'六安',2),(46,3,'马鞍山',2),(47,3,'宿州',2),(48,3,'铜陵',2),(49,3,'芜湖',2),(50,3,'宣城',2),(51,3,'亳州',2),(52,2,'北京',2),(53,4,'福州',2),(54,4,'龙岩',2),(55,4,'南平',2),(56,4,'宁德',2),(57,4,'莆田',2),(58,4,'泉州',2),(59,4,'三明',2),(60,4,'厦门',2),(61,4,'漳州',2),(62,5,'兰州',2),(63,5,'白银',2),(64,5,'定西',2),(65,5,'甘南',2),(66,5,'嘉峪关',2),(67,5,'金昌',2),(68,5,'酒泉',2),(69,5,'临夏',2),(70,5,'陇南',2),(71,5,'平凉',2),(72,5,'庆阳',2),(73,5,'天水',2),(74,5,'武威',2),(75,5,'张掖',2),(76,6,'广州',2),(77,6,'深圳',2),(78,6,'潮州',2),(79,6,'东莞',2),(80,6,'佛山',2),(81,6,'河源',2),(82,6,'惠州',2),(83,6,'江门',2),(84,6,'揭阳',2),(85,6,'茂名',2),(86,6,'梅州',2),(87,6,'清远',2),(88,6,'汕头',2),(89,6,'汕尾',2),(90,6,'韶关',2),(91,6,'阳江',2),(92,6,'云浮',2),(93,6,'湛江',2),(94,6,'肇庆',2),(95,6,'中山',2),(96,6,'珠海',2),(97,7,'南宁',2),(98,7,'桂林',2),(99,7,'百色',2),(100,7,'北海',2),(101,7,'崇左',2),(102,7,'防城港',2),(103,7,'贵港',2),(104,7,'河池',2),(105,7,'贺州',2),(106,7,'来宾',2),(107,7,'柳州',2),(108,7,'钦州',2),(109,7,'梧州',2),(110,7,'玉林',2),(111,8,'贵阳',2),(112,8,'安顺',2),(113,8,'毕节',2),(114,8,'六盘水',2),(115,8,'黔东南',2),(116,8,'黔南',2),(117,8,'黔西南',2),(118,8,'铜仁',2),(119,8,'遵义',2),(120,9,'海口',2),(121,9,'三亚',2),(122,9,'白沙',2),(123,9,'保亭',2),(124,9,'昌江',2),(125,9,'澄迈县',2),(126,9,'定安县',2),(127,9,'东方',2),(128,9,'乐东',2),(129,9,'临高县',2),(130,9,'陵水',2),(131,9,'琼海',2),(132,9,'琼中',2),(133,9,'屯昌县',2),(134,9,'万宁',2),(135,9,'文昌',2),(136,9,'五指山',2),(137,9,'儋州',2),(138,10,'石家庄',2),(139,10,'保定',2),(140,10,'沧州',2),(141,10,'承德',2),(142,10,'邯郸',2),(143,10,'衡水',2),(144,10,'廊坊',2),(145,10,'秦皇岛',2),(146,10,'唐山',2),(147,10,'邢台',2),(148,10,'张家口',2),(149,11,'郑州',2),(150,11,'洛阳',2),(151,11,'开封',2),(152,11,'安阳',2),(153,11,'鹤壁',2),(154,11,'济源',2),(155,11,'焦作',2),(156,11,'南阳',2),(157,11,'平顶山',2),(158,11,'三门峡',2),(159,11,'商丘',2),(160,11,'新乡',2),(161,11,'信阳',2),(162,11,'许昌',2),(163,11,'周口',2),(164,11,'驻马店',2),(165,11,'漯河',2),(166,11,'濮阳',2),(167,12,'哈尔滨',2),(168,12,'大庆',2),(169,12,'大兴安岭',2),(170,12,'鹤岗',2),(171,12,'黑河',2),(172,12,'鸡西',2),(173,12,'佳木斯',2),(174,12,'牡丹江',2),(175,12,'七台河',2),(176,12,'齐齐哈尔',2),(177,12,'双鸭山',2),(178,12,'绥化',2),(179,12,'伊春',2),(180,13,'武汉',2),(181,13,'仙桃',2),(182,13,'鄂州',2),(183,13,'黄冈',2),(184,13,'黄石',2),(185,13,'荆门',2),(186,13,'荆州',2),(187,13,'潜江',2),(188,13,'神农架林区',2),(189,13,'十堰',2),(190,13,'随州',2),(191,13,'天门',2),(192,13,'咸宁',2),(193,13,'襄樊',2),(194,13,'孝感',2),(195,13,'宜昌',2),(196,13,'恩施',2),(197,14,'长沙',2),(198,14,'张家界',2),(199,14,'常德',2),(200,14,'郴州',2),(201,14,'衡阳',2),(202,14,'怀化',2),(203,14,'娄底',2),(204,14,'邵阳',2),(205,14,'湘潭',2),(206,14,'湘西',2),(207,14,'益阳',2),(208,14,'永州',2),(209,14,'岳阳',2),(210,14,'株洲',2),(211,15,'长春',2),(212,15,'吉林',2),(213,15,'白城',2),(214,15,'白山',2),(215,15,'辽源',2),(216,15,'四平',2),(217,15,'松原',2),(218,15,'通化',2),(219,15,'延边',2),(220,16,'南京',2),(221,16,'苏州',2),(222,16,'无锡',2),(223,16,'常州',2),(224,16,'淮安',2),(225,16,'连云港',2),(226,16,'南通',2),(227,16,'宿迁',2),(228,16,'泰州',2),(229,16,'徐州',2),(230,16,'盐城',2),(231,16,'扬州',2),(232,16,'镇江',2),(233,17,'南昌',2),(234,17,'抚州',2),(235,17,'赣州',2),(236,17,'吉安',2),(237,17,'景德镇',2),(238,17,'九江',2),(239,17,'萍乡',2),(240,17,'上饶',2),(241,17,'新余',2),(242,17,'宜春',2),(243,17,'鹰潭',2),(244,18,'沈阳',2),(245,18,'大连',2),(246,18,'鞍山',2),(247,18,'本溪',2),(248,18,'朝阳',2),(249,18,'丹东',2),(250,18,'抚顺',2),(251,18,'阜新',2),(252,18,'葫芦岛',2),(253,18,'锦州',2),(254,18,'辽阳',2),(255,18,'盘锦',2),(256,18,'铁岭',2),(257,18,'营口',2),(258,19,'呼和浩特',2),(259,19,'阿拉善盟',2),(260,19,'巴彦淖尔盟',2),(261,19,'包头',2),(262,19,'赤峰',2),(263,19,'鄂尔多斯',2),(264,19,'呼伦贝尔',2),(265,19,'通辽',2),(266,19,'乌海',2),(267,19,'乌兰察布市',2),(268,19,'锡林郭勒盟',2),(269,19,'兴安盟',2),(270,20,'银川',2),(271,20,'固原',2),(272,20,'石嘴山',2),(273,20,'吴忠',2),(274,20,'中卫',2),(275,21,'西宁',2),(276,21,'果洛',2),(277,21,'海北',2),(278,21,'海东',2),(279,21,'海南',2),(280,21,'海西',2),(281,21,'黄南',2),(282,21,'玉树',2),(283,22,'济南',2),(284,22,'青岛',2),(285,22,'滨州',2),(286,22,'德州',2),(287,22,'东营',2),(288,22,'菏泽',2),(289,22,'济宁',2),(290,22,'莱芜',2),(291,22,'聊城',2),(292,22,'临沂',2),(293,22,'日照',2),(294,22,'泰安',2),(295,22,'威海',2),(296,22,'潍坊',2),(297,22,'烟台',2),(298,22,'枣庄',2),(299,22,'淄博',2),(300,23,'太原',2),(301,23,'长治',2),(302,23,'大同',2),(303,23,'晋城',2),(304,23,'晋中',2),(305,23,'临汾',2),(306,23,'吕梁',2),(307,23,'朔州',2),(308,23,'忻州',2),(309,23,'阳泉',2),(310,23,'运城',2),(311,24,'西安',2),(312,24,'安康',2),(313,24,'宝鸡',2),(314,24,'汉中',2),(315,24,'商洛',2),(316,24,'铜川',2),(317,24,'渭南',2),(318,24,'咸阳',2),(319,24,'延安',2),(320,24,'榆林',2),(321,25,'上海',2),(322,26,'成都',2),(323,26,'绵阳',2),(324,26,'阿坝',2),(325,26,'巴中',2),(326,26,'达州',2),(327,26,'德阳',2),(328,26,'甘孜',2),(329,26,'广安',2),(330,26,'广元',2),(331,26,'乐山',2),(332,26,'凉山',2),(333,26,'眉山',2),(334,26,'南充',2),(335,26,'内江',2),(336,26,'攀枝花',2),(337,26,'遂宁',2),(338,26,'雅安',2),(339,26,'宜宾',2),(340,26,'资阳',2),(341,26,'自贡',2),(342,26,'泸州',2),(343,27,'天津',2),(344,28,'拉萨',2),(345,28,'阿里',2),(346,28,'昌都',2),(347,28,'林芝',2),(348,28,'那曲',2),(349,28,'日喀则',2),(350,28,'山南',2),(351,29,'乌鲁木齐',2),(352,29,'阿克苏',2),(353,29,'阿拉尔',2),(354,29,'巴音郭楞',2),(355,29,'博尔塔拉',2),(356,29,'昌吉',2),(357,29,'哈密',2),(358,29,'和田',2),(359,29,'喀什',2),(360,29,'克拉玛依',2),(361,29,'克孜勒苏',2),(362,29,'石河子',2),(363,29,'图木舒克',2),(364,29,'吐鲁番',2),(365,29,'五家渠',2),(366,29,'伊犁',2),(367,30,'昆明',2),(368,30,'怒江',2),(369,30,'普洱',2),(370,30,'丽江',2),(371,30,'保山',2),(372,30,'楚雄',2),(373,30,'大理',2),(374,30,'德宏',2),(375,30,'迪庆',2),(376,30,'红河',2),(377,30,'临沧',2),(378,30,'曲靖',2),(379,30,'文山',2),(380,30,'西双版纳',2),(381,30,'玉溪',2),(382,30,'昭通',2),(383,31,'杭州',2),(384,31,'湖州',2),(385,31,'嘉兴',2),(386,31,'金华',2),(387,31,'丽水',2),(388,31,'宁波',2),(389,31,'绍兴',2),(390,31,'台州',2),(391,31,'温州',2),(392,31,'舟山',2),(393,31,'衢州',2),(394,32,'重庆',2),(395,33,'香港',2),(396,34,'澳门',2),(397,35,'台湾',2),(398,36,'迎江区',3),(399,36,'大观区',3),(400,36,'宜秀区',3),(401,36,'桐城市',3),(402,36,'怀宁县',3),(403,36,'枞阳县',3),(404,36,'潜山县',3),(405,36,'太湖县',3),(406,36,'宿松县',3),(407,36,'望江县',3),(408,36,'岳西县',3),(409,37,'中市区',3),(410,37,'东市区',3),(411,37,'西市区',3),(412,37,'郊区',3),(413,37,'怀远县',3),(414,37,'五河县',3),(415,37,'固镇县',3),(416,38,'居巢区',3),(417,38,'庐江县',3),(418,38,'无为县',3),(419,38,'含山县',3),(420,38,'和县',3),(421,39,'贵池区',3),(422,39,'东至县',3),(423,39,'石台县',3),(424,39,'青阳县',3),(425,40,'琅琊区',3),(426,40,'南谯区',3),(427,40,'天长市',3),(428,40,'明光市',3),(429,40,'来安县',3),(430,40,'全椒县',3),(431,40,'定远县',3),(432,40,'凤阳县',3),(433,41,'蚌山区',3),(434,41,'龙子湖区',3),(435,41,'禹会区',3),(436,41,'淮上区',3),(437,41,'颍州区',3),(438,41,'颍东区',3),(439,41,'颍泉区',3),(440,41,'界首市',3),(441,41,'临泉县',3),(442,41,'太和县',3),(443,41,'阜南县',3),(444,41,'颖上县',3),(445,42,'相山区',3),(446,42,'杜集区',3),(447,42,'烈山区',3),(448,42,'濉溪县',3),(449,43,'田家庵区',3),(450,43,'大通区',3),(451,43,'谢家集区',3),(452,43,'八公山区',3),(453,43,'潘集区',3),(454,43,'凤台县',3),(455,44,'屯溪区',3),(456,44,'黄山区',3),(457,44,'徽州区',3),(458,44,'歙县',3),(459,44,'休宁县',3),(460,44,'黟县',3),(461,44,'祁门县',3),(462,45,'金安区',3),(463,45,'裕安区',3),(464,45,'寿县',3),(465,45,'霍邱县',3),(466,45,'舒城县',3),(467,45,'金寨县',3),(468,45,'霍山县',3),(469,46,'雨山区',3),(470,46,'花山区',3),(471,46,'金家庄区',3),(472,46,'当涂县',3),(473,47,'埇桥区',3),(474,47,'砀山县',3),(475,47,'萧县',3),(476,47,'灵璧县',3),(477,47,'泗县',3),(478,48,'铜官山区',3),(479,48,'狮子山区',3),(480,48,'郊区',3),(481,48,'铜陵县',3),(482,49,'镜湖区',3),(483,49,'弋江区',3),(484,49,'鸠江区',3),(485,49,'三山区',3),(486,49,'芜湖县',3),(487,49,'繁昌县',3),(488,49,'南陵县',3),(489,50,'宣州区',3),(490,50,'宁国市',3),(491,50,'郎溪县',3),(492,50,'广德县',3),(493,50,'泾县',3),(494,50,'绩溪县',3),(495,50,'旌德县',3),(496,51,'涡阳县',3),(497,51,'蒙城县',3),(498,51,'利辛县',3),(499,51,'谯城区',3),(500,52,'东城区',3),(501,52,'西城区',3),(502,52,'海淀区',3),(503,52,'朝阳区',3),(504,52,'崇文区',3),(505,52,'宣武区',3),(506,52,'丰台区',3),(507,52,'石景山区',3),(508,52,'房山区',3),(509,52,'门头沟区',3),(510,52,'通州区',3),(511,52,'顺义区',3),(512,52,'昌平区',3),(513,52,'怀柔区',3),(514,52,'平谷区',3),(515,52,'大兴区',3),(516,52,'密云县',3),(517,52,'延庆县',3),(518,53,'鼓楼区',3),(519,53,'台江区',3),(520,53,'仓山区',3),(521,53,'马尾区',3),(522,53,'晋安区',3),(523,53,'福清市',3),(524,53,'长乐市',3),(525,53,'闽侯县',3),(526,53,'连江县',3),(527,53,'罗源县',3),(528,53,'闽清县',3),(529,53,'永泰县',3),(530,53,'平潭县',3),(531,54,'新罗区',3),(532,54,'漳平市',3),(533,54,'长汀县',3),(534,54,'永定县',3),(535,54,'上杭县',3),(536,54,'武平县',3),(537,54,'连城县',3),(538,55,'延平区',3),(539,55,'邵武市',3),(540,55,'武夷山市',3),(541,55,'建瓯市',3),(542,55,'建阳市',3),(543,55,'顺昌县',3),(544,55,'浦城县',3),(545,55,'光泽县',3),(546,55,'松溪县',3),(547,55,'政和县',3),(548,56,'蕉城区',3),(549,56,'福安市',3),(550,56,'福鼎市',3),(551,56,'霞浦县',3),(552,56,'古田县',3),(553,56,'屏南县',3),(554,56,'寿宁县',3),(555,56,'周宁县',3),(556,56,'柘荣县',3),(557,57,'城厢区',3),(558,57,'涵江区',3),(559,57,'荔城区',3),(560,57,'秀屿区',3),(561,57,'仙游县',3),(562,58,'鲤城区',3),(563,58,'丰泽区',3),(564,58,'洛江区',3),(565,58,'清濛开发区',3),(566,58,'泉港区',3),(567,58,'石狮市',3),(568,58,'晋江市',3),(569,58,'南安市',3),(570,58,'惠安县',3),(571,58,'安溪县',3),(572,58,'永春县',3),(573,58,'德化县',3),(574,58,'金门县',3),(575,59,'梅列区',3),(576,59,'三元区',3),(577,59,'永安市',3),(578,59,'明溪县',3),(579,59,'清流县',3),(580,59,'宁化县',3),(581,59,'大田县',3),(582,59,'尤溪县',3),(583,59,'沙县',3),(584,59,'将乐县',3),(585,59,'泰宁县',3),(586,59,'建宁县',3),(587,60,'思明区',3),(588,60,'海沧区',3),(589,60,'湖里区',3),(590,60,'集美区',3),(591,60,'同安区',3),(592,60,'翔安区',3),(593,61,'芗城区',3),(594,61,'龙文区',3),(595,61,'龙海市',3),(596,61,'云霄县',3),(597,61,'漳浦县',3),(598,61,'诏安县',3),(599,61,'长泰县',3),(600,61,'东山县',3),(601,61,'南靖县',3),(602,61,'平和县',3),(603,61,'华安县',3),(604,62,'皋兰县',3),(605,62,'城关区',3),(606,62,'七里河区',3),(607,62,'西固区',3),(608,62,'安宁区',3),(609,62,'红古区',3),(610,62,'永登县',3),(611,62,'榆中县',3),(612,63,'白银区',3),(613,63,'平川区',3),(614,63,'会宁县',3),(615,63,'景泰县',3),(616,63,'靖远县',3),(617,64,'临洮县',3),(618,64,'陇西县',3),(619,64,'通渭县',3),(620,64,'渭源县',3),(621,64,'漳县',3),(622,64,'岷县',3),(623,64,'安定区',3),(624,64,'安定区',3),(625,65,'合作市',3),(626,65,'临潭县',3),(627,65,'卓尼县',3),(628,65,'舟曲县',3),(629,65,'迭部县',3),(630,65,'玛曲县',3),(631,65,'碌曲县',3),(632,65,'夏河县',3),(633,66,'嘉峪关市',3),(634,67,'金川区',3),(635,67,'永昌县',3),(636,68,'肃州区',3),(637,68,'玉门市',3),(638,68,'敦煌市',3),(639,68,'金塔县',3),(640,68,'瓜州县',3),(641,68,'肃北',3),(642,68,'阿克塞',3),(643,69,'临夏市',3),(644,69,'临夏县',3),(645,69,'康乐县',3),(646,69,'永靖县',3),(647,69,'广河县',3),(648,69,'和政县',3),(649,69,'东乡族自治县',3),(650,69,'积石山',3),(651,70,'成县',3),(652,70,'徽县',3),(653,70,'康县',3),(654,70,'礼县',3),(655,70,'两当县',3),(656,70,'文县',3),(657,70,'西和县',3),(658,70,'宕昌县',3),(659,70,'武都区',3),(660,71,'崇信县',3),(661,71,'华亭县',3),(662,71,'静宁县',3),(663,71,'灵台县',3),(664,71,'崆峒区',3),(665,71,'庄浪县',3),(666,71,'泾川县',3),(667,72,'合水县',3),(668,72,'华池县',3),(669,72,'环县',3),(670,72,'宁县',3),(671,72,'庆城县',3),(672,72,'西峰区',3),(673,72,'镇原县',3),(674,72,'正宁县',3),(675,73,'甘谷县',3),(676,73,'秦安县',3),(677,73,'清水县',3),(678,73,'秦州区',3),(679,73,'麦积区',3),(680,73,'武山县',3),(681,73,'张家川',3),(682,74,'古浪县',3),(683,74,'民勤县',3),(684,74,'天祝',3),(685,74,'凉州区',3),(686,75,'高台县',3),(687,75,'临泽县',3),(688,75,'民乐县',3),(689,75,'山丹县',3),(690,75,'肃南',3),(691,75,'甘州区',3),(692,76,'从化市',3),(693,76,'天河区',3),(694,76,'东山区',3),(695,76,'白云区',3),(696,76,'海珠区',3),(697,76,'荔湾区',3),(698,76,'越秀区',3),(699,76,'黄埔区',3),(700,76,'番禺区',3),(701,76,'花都区',3),(702,76,'增城区',3),(703,76,'从化区',3),(704,76,'市郊',3),(705,77,'福田区',3),(706,77,'罗湖区',3),(707,77,'南山区',3),(708,77,'宝安区',3),(709,77,'龙岗区',3),(710,77,'盐田区',3),(711,78,'湘桥区',3),(712,78,'潮安县',3),(713,78,'饶平县',3),(714,79,'南城区',3),(715,79,'东城区',3),(716,79,'万江区',3),(717,79,'莞城区',3),(718,79,'石龙镇',3),(719,79,'虎门镇',3),(720,79,'麻涌镇',3),(721,79,'道滘镇',3),(722,79,'石碣镇',3),(723,79,'沙田镇',3),(724,79,'望牛墩镇',3),(725,79,'洪梅镇',3),(726,79,'茶山镇',3),(727,79,'寮步镇',3),(728,79,'大岭山镇',3),(729,79,'大朗镇',3),(730,79,'黄江镇',3),(731,79,'樟木头',3),(732,79,'凤岗镇',3),(733,79,'塘厦镇',3),(734,79,'谢岗镇',3),(735,79,'厚街镇',3),(736,79,'清溪镇',3),(737,79,'常平镇',3),(738,79,'桥头镇',3),(739,79,'横沥镇',3),(740,79,'东坑镇',3),(741,79,'企石镇',3),(742,79,'石排镇',3),(743,79,'长安镇',3),(744,79,'中堂镇',3),(745,79,'高埗镇',3),(746,80,'禅城区',3),(747,80,'南海区',3),(748,80,'顺德区',3),(749,80,'三水区',3),(750,80,'高明区',3),(751,81,'东源县',3),(752,81,'和平县',3),(753,81,'源城区',3),(754,81,'连平县',3),(755,81,'龙川县',3),(756,81,'紫金县',3),(757,82,'惠阳区',3),(758,82,'惠城区',3),(759,82,'大亚湾',3),(760,82,'博罗县',3),(761,82,'惠东县',3),(762,82,'龙门县',3),(763,83,'江海区',3),(764,83,'蓬江区',3),(765,83,'新会区',3),(766,83,'台山市',3),(767,83,'开平市',3),(768,83,'鹤山市',3),(769,83,'恩平市',3),(770,84,'榕城区',3),(771,84,'普宁市',3),(772,84,'揭东县',3),(773,84,'揭西县',3),(774,84,'惠来县',3),(775,85,'茂南区',3),(776,85,'茂港区',3),(777,85,'高州市',3),(778,85,'化州市',3),(779,85,'信宜市',3),(780,85,'电白县',3),(781,86,'梅县',3),(782,86,'梅江区',3),(783,86,'兴宁市',3),(784,86,'大埔县',3),(785,86,'丰顺县',3),(786,86,'五华县',3),(787,86,'平远县',3),(788,86,'蕉岭县',3),(789,87,'清城区',3),(790,87,'英德市',3),(791,87,'连州市',3),(792,87,'佛冈县',3),(793,87,'阳山县',3),(794,87,'清新县',3),(795,87,'连山',3),(796,87,'连南',3),(797,88,'南澳县',3),(798,88,'潮阳区',3),(799,88,'澄海区',3),(800,88,'龙湖区',3),(801,88,'金平区',3),(802,88,'濠江区',3),(803,88,'潮南区',3),(804,89,'城区',3),(805,89,'陆丰市',3),(806,89,'海丰县',3),(807,89,'陆河县',3),(808,90,'曲江县',3),(809,90,'浈江区',3),(810,90,'武江区',3),(811,90,'曲江区',3),(812,90,'乐昌市',3),(813,90,'南雄市',3),(814,90,'始兴县',3),(815,90,'仁化县',3),(816,90,'翁源县',3),(817,90,'新丰县',3),(818,90,'乳源',3),(819,91,'江城区',3),(820,91,'阳春市',3),(821,91,'阳西县',3),(822,91,'阳东县',3),(823,92,'云城区',3),(824,92,'罗定市',3),(825,92,'新兴县',3),(826,92,'郁南县',3),(827,92,'云安县',3),(828,93,'赤坎区',3),(829,93,'霞山区',3),(830,93,'坡头区',3),(831,93,'麻章区',3),(832,93,'廉江市',3),(833,93,'雷州市',3),(834,93,'吴川市',3),(835,93,'遂溪县',3),(836,93,'徐闻县',3),(837,94,'肇庆市',3),(838,94,'高要市',3),(839,94,'四会市',3),(840,94,'广宁县',3),(841,94,'怀集县',3),(842,94,'封开县',3),(843,94,'德庆县',3),(844,95,'石岐街道',3),(845,95,'东区街道',3),(846,95,'西区街道',3),(847,95,'环城街道',3),(848,95,'中山港街道',3),(849,95,'五桂山街道',3),(850,96,'香洲区',3),(851,96,'斗门区',3),(852,96,'金湾区',3),(853,97,'邕宁区',3),(854,97,'青秀区',3),(855,97,'兴宁区',3),(856,97,'良庆区',3),(857,97,'西乡塘区',3),(858,97,'江南区',3),(859,97,'武鸣县',3),(860,97,'隆安县',3),(861,97,'马山县',3),(862,97,'上林县',3),(863,97,'宾阳县',3),(864,97,'横县',3),(865,98,'秀峰区',3),(866,98,'叠彩区',3),(867,98,'象山区',3),(868,98,'七星区',3),(869,98,'雁山区',3),(870,98,'阳朔县',3),(871,98,'临桂县',3),(872,98,'灵川县',3),(873,98,'全州县',3),(874,98,'平乐县',3),(875,98,'兴安县',3),(876,98,'灌阳县',3),(877,98,'荔浦县',3),(878,98,'资源县',3),(879,98,'永福县',3),(880,98,'龙胜',3),(881,98,'恭城',3),(882,99,'右江区',3),(883,99,'凌云县',3),(884,99,'平果县',3),(885,99,'西林县',3),(886,99,'乐业县',3),(887,99,'德保县',3),(888,99,'田林县',3),(889,99,'田阳县',3),(890,99,'靖西县',3),(891,99,'田东县',3),(892,99,'那坡县',3),(893,99,'隆林',3),(894,100,'海城区',3),(895,100,'银海区',3),(896,100,'铁山港区',3),(897,100,'合浦县',3),(898,101,'江州区',3),(899,101,'凭祥市',3),(900,101,'宁明县',3),(901,101,'扶绥县',3),(902,101,'龙州县',3),(903,101,'大新县',3),(904,101,'天等县',3),(905,102,'港口区',3),(906,102,'防城区',3),(907,102,'东兴市',3),(908,102,'上思县',3),(909,103,'港北区',3),(910,103,'港南区',3),(911,103,'覃塘区',3),(912,103,'桂平市',3),(913,103,'平南县',3),(914,104,'金城江区',3),(915,104,'宜州市',3),(916,104,'天峨县',3),(917,104,'凤山县',3),(918,104,'南丹县',3),(919,104,'东兰县',3),(920,104,'都安',3),(921,104,'罗城',3),(922,104,'巴马',3),(923,104,'环江',3),(924,104,'大化',3),(925,105,'八步区',3),(926,105,'钟山县',3),(927,105,'昭平县',3),(928,105,'富川',3),(929,106,'兴宾区',3),(930,106,'合山市',3),(931,106,'象州县',3),(932,106,'武宣县',3),(933,106,'忻城县',3),(934,106,'金秀',3),(935,107,'城中区',3),(936,107,'鱼峰区',3),(937,107,'柳北区',3),(938,107,'柳南区',3),(939,107,'柳江县',3),(940,107,'柳城县',3),(941,107,'鹿寨县',3),(942,107,'融安县',3),(943,107,'融水',3),(944,107,'三江',3),(945,108,'钦南区',3),(946,108,'钦北区',3),(947,108,'灵山县',3),(948,108,'浦北县',3),(949,109,'万秀区',3),(950,109,'蝶山区',3),(951,109,'长洲区',3),(952,109,'岑溪市',3),(953,109,'苍梧县',3),(954,109,'藤县',3),(955,109,'蒙山县',3),(956,110,'玉州区',3),(957,110,'北流市',3),(958,110,'容县',3),(959,110,'陆川县',3),(960,110,'博白县',3),(961,110,'兴业县',3),(962,111,'南明区',3),(963,111,'云岩区',3),(964,111,'花溪区',3),(965,111,'乌当区',3),(966,111,'白云区',3),(967,111,'小河区',3),(968,111,'金阳新区',3),(969,111,'新天园区',3),(970,111,'清镇市',3),(971,111,'开阳县',3),(972,111,'修文县',3),(973,111,'息烽县',3),(974,112,'西秀区',3),(975,112,'关岭',3),(976,112,'镇宁',3),(977,112,'紫云',3),(978,112,'平坝县',3),(979,112,'普定县',3),(980,113,'毕节市',3),(981,113,'大方县',3),(982,113,'黔西县',3),(983,113,'金沙县',3),(984,113,'织金县',3),(985,113,'纳雍县',3),(986,113,'赫章县',3),(987,113,'威宁',3),(988,114,'钟山区',3),(989,114,'六枝特区',3),(990,114,'水城县',3),(991,114,'盘县',3),(992,115,'凯里市',3),(993,115,'黄平县',3),(994,115,'施秉县',3),(995,115,'三穗县',3),(996,115,'镇远县',3),(997,115,'岑巩县',3),(998,115,'天柱县',3),(999,115,'锦屏县',3),(1000,115,'剑河县',3),(1001,115,'台江县',3),(1002,115,'黎平县',3),(1003,115,'榕江县',3),(1004,115,'从江县',3),(1005,115,'雷山县',3),(1006,115,'麻江县',3),(1007,115,'丹寨县',3),(1008,116,'都匀市',3),(1009,116,'福泉市',3),(1010,116,'荔波县',3),(1011,116,'贵定县',3),(1012,116,'瓮安县',3),(1013,116,'独山县',3),(1014,116,'平塘县',3),(1015,116,'罗甸县',3),(1016,116,'长顺县',3),(1017,116,'龙里县',3),(1018,116,'惠水县',3),(1019,116,'三都',3),(1020,117,'兴义市',3),(1021,117,'兴仁县',3),(1022,117,'普安县',3),(1023,117,'晴隆县',3),(1024,117,'贞丰县',3),(1025,117,'望谟县',3),(1026,117,'册亨县',3),(1027,117,'安龙县',3),(1028,118,'铜仁市',3),(1029,118,'江口县',3),(1030,118,'石阡县',3),(1031,118,'思南县',3),(1032,118,'德江县',3),(1033,118,'玉屏',3),(1034,118,'印江',3),(1035,118,'沿河',3),(1036,118,'松桃',3),(1037,118,'万山特区',3),(1038,119,'红花岗区',3),(1039,119,'务川县',3),(1040,119,'道真县',3),(1041,119,'汇川区',3),(1042,119,'赤水市',3),(1043,119,'仁怀市',3),(1044,119,'遵义县',3),(1045,119,'桐梓县',3),(1046,119,'绥阳县',3),(1047,119,'正安县',3),(1048,119,'凤冈县',3),(1049,119,'湄潭县',3),(1050,119,'余庆县',3),(1051,119,'习水县',3),(1052,119,'道真',3),(1053,119,'务川',3),(1054,120,'秀英区',3),(1055,120,'龙华区',3),(1056,120,'琼山区',3),(1057,120,'美兰区',3),(1058,137,'市区',3),(1059,137,'洋浦开发区',3),(1060,137,'那大镇',3),(1061,137,'王五镇',3),(1062,137,'雅星镇',3),(1063,137,'大成镇',3),(1064,137,'中和镇',3),(1065,137,'峨蔓镇',3),(1066,137,'南丰镇',3),(1067,137,'白马井镇',3),(1068,137,'兰洋镇',3),(1069,137,'和庆镇',3),(1070,137,'海头镇',3),(1071,137,'排浦镇',3),(1072,137,'东成镇',3),(1073,137,'光村镇',3),(1074,137,'木棠镇',3),(1075,137,'新州镇',3),(1076,137,'三都镇',3),(1077,137,'其他',3),(1078,138,'长安区',3),(1079,138,'桥东区',3),(1080,138,'桥西区',3),(1081,138,'新华区',3),(1082,138,'裕华区',3),(1083,138,'井陉矿区',3),(1084,138,'高新区',3),(1085,138,'辛集市',3),(1086,138,'藁城市',3),(1087,138,'晋州市',3),(1088,138,'新乐市',3),(1089,138,'鹿泉市',3),(1090,138,'井陉县',3),(1091,138,'正定县',3),(1092,138,'栾城县',3),(1093,138,'行唐县',3),(1094,138,'灵寿县',3),(1095,138,'高邑县',3),(1096,138,'深泽县',3),(1097,138,'赞皇县',3),(1098,138,'无极县',3),(1099,138,'平山县',3),(1100,138,'元氏县',3),(1101,138,'赵县',3),(1102,139,'新市区',3),(1103,139,'南市区',3),(1104,139,'北市区',3),(1105,139,'涿州市',3),(1106,139,'定州市',3),(1107,139,'安国市',3),(1108,139,'高碑店市',3),(1109,139,'满城县',3),(1110,139,'清苑县',3),(1111,139,'涞水县',3),(1112,139,'阜平县',3),(1113,139,'徐水县',3),(1114,139,'定兴县',3),(1115,139,'唐县',3),(1116,139,'高阳县',3),(1117,139,'容城县',3),(1118,139,'涞源县',3),(1119,139,'望都县',3),(1120,139,'安新县',3),(1121,139,'易县',3),(1122,139,'曲阳县',3),(1123,139,'蠡县',3),(1124,139,'顺平县',3),(1125,139,'博野县',3),(1126,139,'雄县',3),(1127,140,'运河区',3),(1128,140,'新华区',3),(1129,140,'泊头市',3),(1130,140,'任丘市',3),(1131,140,'黄骅市',3),(1132,140,'河间市',3),(1133,140,'沧县',3),(1134,140,'青县',3),(1135,140,'东光县',3),(1136,140,'海兴县',3),(1137,140,'盐山县',3),(1138,140,'肃宁县',3),(1139,140,'南皮县',3),(1140,140,'吴桥县',3),(1141,140,'献县',3),(1142,140,'孟村',3),(1143,141,'双桥区',3),(1144,141,'双滦区',3),(1145,141,'鹰手营子矿区',3),(1146,141,'承德县',3),(1147,141,'兴隆县',3),(1148,141,'平泉县',3),(1149,141,'滦平县',3),(1150,141,'隆化县',3),(1151,141,'丰宁',3),(1152,141,'宽城',3),(1153,141,'围场',3),(1154,142,'从台区',3),(1155,142,'复兴区',3),(1156,142,'邯山区',3),(1157,142,'峰峰矿区',3),(1158,142,'武安市',3),(1159,142,'邯郸县',3),(1160,142,'临漳县',3),(1161,142,'成安县',3),(1162,142,'大名县',3),(1163,142,'涉县',3),(1164,142,'磁县',3),(1165,142,'肥乡县',3),(1166,142,'永年县',3),(1167,142,'邱县',3),(1168,142,'鸡泽县',3),(1169,142,'广平县',3),(1170,142,'馆陶县',3),(1171,142,'魏县',3),(1172,142,'曲周县',3),(1173,143,'桃城区',3),(1174,143,'冀州市',3),(1175,143,'深州市',3),(1176,143,'枣强县',3),(1177,143,'武邑县',3),(1178,143,'武强县',3),(1179,143,'饶阳县',3),(1180,143,'安平县',3),(1181,143,'故城县',3),(1182,143,'景县',3),(1183,143,'阜城县',3),(1184,144,'安次区',3),(1185,144,'广阳区',3),(1186,144,'霸州市',3),(1187,144,'三河市',3),(1188,144,'固安县',3),(1189,144,'永清县',3),(1190,144,'香河县',3),(1191,144,'大城县',3),(1192,144,'文安县',3),(1193,144,'大厂',3),(1194,145,'海港区',3),(1195,145,'山海关区',3),(1196,145,'北戴河区',3),(1197,145,'昌黎县',3),(1198,145,'抚宁县',3),(1199,145,'卢龙县',3),(1200,145,'青龙',3),(1201,146,'路北区',3),(1202,146,'路南区',3),(1203,146,'古冶区',3),(1204,146,'开平区',3),(1205,146,'丰南区',3),(1206,146,'丰润区',3),(1207,146,'遵化市',3),(1208,146,'迁安市',3),(1209,146,'滦县',3),(1210,146,'滦南县',3),(1211,146,'乐亭县',3),(1212,146,'迁西县',3),(1213,146,'玉田县',3),(1214,146,'唐海县',3),(1215,147,'桥东区',3),(1216,147,'桥西区',3),(1217,147,'南宫市',3),(1218,147,'沙河市',3),(1219,147,'邢台县',3),(1220,147,'临城县',3),(1221,147,'内丘县',3),(1222,147,'柏乡县',3),(1223,147,'隆尧县',3),(1224,147,'任县',3),(1225,147,'南和县',3),(1226,147,'宁晋县',3),(1227,147,'巨鹿县',3),(1228,147,'新河县',3),(1229,147,'广宗县',3),(1230,147,'平乡县',3),(1231,147,'威县',3),(1232,147,'清河县',3),(1233,147,'临西县',3),(1234,148,'桥西区',3),(1235,148,'桥东区',3),(1236,148,'宣化区',3),(1237,148,'下花园区',3),(1238,148,'宣化县',3),(1239,148,'张北县',3),(1240,148,'康保县',3),(1241,148,'沽源县',3),(1242,148,'尚义县',3),(1243,148,'蔚县',3),(1244,148,'阳原县',3),(1245,148,'怀安县',3),(1246,148,'万全县',3),(1247,148,'怀来县',3),(1248,148,'涿鹿县',3),(1249,148,'赤城县',3),(1250,148,'崇礼县',3),(1251,149,'金水区',3),(1252,149,'邙山区',3),(1253,149,'二七区',3),(1254,149,'管城区',3),(1255,149,'中原区',3),(1256,149,'上街区',3),(1257,149,'惠济区',3),(1258,149,'郑东新区',3),(1259,149,'经济技术开发区',3),(1260,149,'高新开发区',3),(1261,149,'出口加工区',3),(1262,149,'巩义市',3),(1263,149,'荥阳市',3),(1264,149,'新密市',3),(1265,149,'新郑市',3),(1266,149,'登封市',3),(1267,149,'中牟县',3),(1268,150,'西工区',3),(1269,150,'老城区',3),(1270,150,'涧西区',3),(1271,150,'瀍河回族区',3),(1272,150,'洛龙区',3),(1273,150,'吉利区',3),(1274,150,'偃师市',3),(1275,150,'孟津县',3),(1276,150,'新安县',3),(1277,150,'栾川县',3),(1278,150,'嵩县',3),(1279,150,'汝阳县',3),(1280,150,'宜阳县',3),(1281,150,'洛宁县',3),(1282,150,'伊川县',3),(1283,151,'鼓楼区',3),(1284,151,'龙亭区',3),(1285,151,'顺河回族区',3),(1286,151,'金明区',3),(1287,151,'禹王台区',3),(1288,151,'杞县',3),(1289,151,'通许县',3),(1290,151,'尉氏县',3),(1291,151,'开封县',3),(1292,151,'兰考县',3),(1293,152,'北关区',3),(1294,152,'文峰区',3),(1295,152,'殷都区',3),(1296,152,'龙安区',3),(1297,152,'林州市',3),(1298,152,'安阳县',3),(1299,152,'汤阴县',3),(1300,152,'滑县',3),(1301,152,'内黄县',3),(1302,153,'淇滨区',3),(1303,153,'山城区',3),(1304,153,'鹤山区',3),(1305,153,'浚县',3),(1306,153,'淇县',3),(1307,154,'济源市',3),(1308,155,'解放区',3),(1309,155,'中站区',3),(1310,155,'马村区',3),(1311,155,'山阳区',3),(1312,155,'沁阳市',3),(1313,155,'孟州市',3),(1314,155,'修武县',3),(1315,155,'博爱县',3),(1316,155,'武陟县',3),(1317,155,'温县',3),(1318,156,'卧龙区',3),(1319,156,'宛城区',3),(1320,156,'邓州市',3),(1321,156,'南召县',3),(1322,156,'方城县',3),(1323,156,'西峡县',3),(1324,156,'镇平县',3),(1325,156,'内乡县',3),(1326,156,'淅川县',3),(1327,156,'社旗县',3),(1328,156,'唐河县',3),(1329,156,'新野县',3),(1330,156,'桐柏县',3),(1331,157,'新华区',3),(1332,157,'卫东区',3),(1333,157,'湛河区',3),(1334,157,'石龙区',3),(1335,157,'舞钢市',3),(1336,157,'汝州市',3),(1337,157,'宝丰县',3),(1338,157,'叶县',3),(1339,157,'鲁山县',3),(1340,157,'郏县',3),(1341,158,'湖滨区',3),(1342,158,'义马市',3),(1343,158,'灵宝市',3),(1344,158,'渑池县',3),(1345,158,'陕县',3),(1346,158,'卢氏县',3),(1347,159,'梁园区',3),(1348,159,'睢阳区',3),(1349,159,'永城市',3),(1350,159,'民权县',3),(1351,159,'睢县',3),(1352,159,'宁陵县',3),(1353,159,'虞城县',3),(1354,159,'柘城县',3),(1355,159,'夏邑县',3),(1356,160,'卫滨区',3),(1357,160,'红旗区',3),(1358,160,'凤泉区',3),(1359,160,'牧野区',3),(1360,160,'卫辉市',3),(1361,160,'辉县市',3),(1362,160,'新乡县',3),(1363,160,'获嘉县',3),(1364,160,'原阳县',3),(1365,160,'延津县',3),(1366,160,'封丘县',3),(1367,160,'长垣县',3),(1368,161,'浉河区',3),(1369,161,'平桥区',3),(1370,161,'罗山县',3),(1371,161,'光山县',3),(1372,161,'新县',3),(1373,161,'商城县',3),(1374,161,'固始县',3),(1375,161,'潢川县',3),(1376,161,'淮滨县',3),(1377,161,'息县',3),(1378,162,'魏都区',3),(1379,162,'禹州市',3),(1380,162,'长葛市',3),(1381,162,'许昌县',3),(1382,162,'鄢陵县',3),(1383,162,'襄城县',3),(1384,163,'川汇区',3),(1385,163,'项城市',3),(1386,163,'扶沟县',3),(1387,163,'西华县',3),(1388,163,'商水县',3),(1389,163,'沈丘县',3),(1390,163,'郸城县',3),(1391,163,'淮阳县',3),(1392,163,'太康县',3),(1393,163,'鹿邑县',3),(1394,164,'驿城区',3),(1395,164,'西平县',3),(1396,164,'上蔡县',3),(1397,164,'平舆县',3),(1398,164,'正阳县',3),(1399,164,'确山县',3),(1400,164,'泌阳县',3),(1401,164,'汝南县',3),(1402,164,'遂平县',3),(1403,164,'新蔡县',3),(1404,165,'郾城区',3),(1405,165,'源汇区',3),(1406,165,'召陵区',3),(1407,165,'舞阳县',3),(1408,165,'临颍县',3),(1409,166,'华龙区',3),(1410,166,'清丰县',3),(1411,166,'南乐县',3),(1412,166,'范县',3),(1413,166,'台前县',3),(1414,166,'濮阳县',3),(1415,167,'道里区',3),(1416,167,'南岗区',3),(1417,167,'动力区',3),(1418,167,'平房区',3),(1419,167,'香坊区',3),(1420,167,'太平区',3),(1421,167,'道外区',3),(1422,167,'阿城区',3),(1423,167,'呼兰区',3),(1424,167,'松北区',3),(1425,167,'尚志市',3),(1426,167,'双城市',3),(1427,167,'五常市',3),(1428,167,'方正县',3),(1429,167,'宾县',3),(1430,167,'依兰县',3),(1431,167,'巴彦县',3),(1432,167,'通河县',3),(1433,167,'木兰县',3),(1434,167,'延寿县',3),(1435,168,'萨尔图区',3),(1436,168,'红岗区',3),(1437,168,'龙凤区',3),(1438,168,'让胡路区',3),(1439,168,'大同区',3),(1440,168,'肇州县',3),(1441,168,'肇源县',3),(1442,168,'林甸县',3),(1443,168,'杜尔伯特',3),(1444,169,'呼玛县',3),(1445,169,'漠河县',3),(1446,169,'塔河县',3),(1447,170,'兴山区',3),(1448,170,'工农区',3),(1449,170,'南山区',3),(1450,170,'兴安区',3),(1451,170,'向阳区',3),(1452,170,'东山区',3),(1453,170,'萝北县',3),(1454,170,'绥滨县',3),(1455,171,'爱辉区',3),(1456,171,'五大连池市',3),(1457,171,'北安市',3),(1458,171,'嫩江县',3),(1459,171,'逊克县',3),(1460,171,'孙吴县',3),(1461,172,'鸡冠区',3),(1462,172,'恒山区',3),(1463,172,'城子河区',3),(1464,172,'滴道区',3),(1465,172,'梨树区',3),(1466,172,'虎林市',3),(1467,172,'密山市',3),(1468,172,'鸡东县',3),(1469,173,'前进区',3),(1470,173,'郊区',3),(1471,173,'向阳区',3),(1472,173,'东风区',3),(1473,173,'同江市',3),(1474,173,'富锦市',3),(1475,173,'桦南县',3),(1476,173,'桦川县',3),(1477,173,'汤原县',3),(1478,173,'抚远县',3),(1479,174,'爱民区',3),(1480,174,'东安区',3),(1481,174,'阳明区',3),(1482,174,'西安区',3),(1483,174,'绥芬河市',3),(1484,174,'海林市',3),(1485,174,'宁安市',3),(1486,174,'穆棱市',3),(1487,174,'东宁县',3),(1488,174,'林口县',3),(1489,175,'桃山区',3),(1490,175,'新兴区',3),(1491,175,'茄子河区',3),(1492,175,'勃利县',3),(1493,176,'龙沙区',3),(1494,176,'昂昂溪区',3),(1495,176,'铁峰区',3),(1496,176,'建华区',3),(1497,176,'富拉尔基区',3),(1498,176,'碾子山区',3),(1499,176,'梅里斯达斡尔区',3),(1500,176,'讷河市',3),(1501,176,'龙江县',3),(1502,176,'依安县',3),(1503,176,'泰来县',3),(1504,176,'甘南县',3),(1505,176,'富裕县',3),(1506,176,'克山县',3),(1507,176,'克东县',3),(1508,176,'拜泉县',3),(1509,177,'尖山区',3),(1510,177,'岭东区',3),(1511,177,'四方台区',3),(1512,177,'宝山区',3),(1513,177,'集贤县',3),(1514,177,'友谊县',3),(1515,177,'宝清县',3),(1516,177,'饶河县',3),(1517,178,'北林区',3),(1518,178,'安达市',3),(1519,178,'肇东市',3),(1520,178,'海伦市',3),(1521,178,'望奎县',3),(1522,178,'兰西县',3),(1523,178,'青冈县',3),(1524,178,'庆安县',3),(1525,178,'明水县',3),(1526,178,'绥棱县',3),(1527,179,'伊春区',3),(1528,179,'带岭区',3),(1529,179,'南岔区',3),(1530,179,'金山屯区',3),(1531,179,'西林区',3),(1532,179,'美溪区',3),(1533,179,'乌马河区',3),(1534,179,'翠峦区',3),(1535,179,'友好区',3),(1536,179,'上甘岭区',3),(1537,179,'五营区',3),(1538,179,'红星区',3),(1539,179,'新青区',3),(1540,179,'汤旺河区',3),(1541,179,'乌伊岭区',3),(1542,179,'铁力市',3),(1543,179,'嘉荫县',3),(1544,180,'江岸区',3),(1545,180,'武昌区',3),(1546,180,'江汉区',3),(1547,180,'硚口区',3),(1548,180,'汉阳区',3),(1549,180,'青山区',3),(1550,180,'洪山区',3),(1551,180,'东西湖区',3),(1552,180,'汉南区',3),(1553,180,'蔡甸区',3),(1554,180,'江夏区',3),(1555,180,'黄陂区',3),(1556,180,'新洲区',3),(1557,180,'经济开发区',3),(1558,181,'仙桃市',3),(1559,182,'鄂城区',3),(1560,182,'华容区',3),(1561,182,'梁子湖区',3),(1562,183,'黄州区',3),(1563,183,'麻城市',3),(1564,183,'武穴市',3),(1565,183,'团风县',3),(1566,183,'红安县',3),(1567,183,'罗田县',3),(1568,183,'英山县',3),(1569,183,'浠水县',3),(1570,183,'蕲春县',3),(1571,183,'黄梅县',3),(1572,184,'黄石港区',3),(1573,184,'西塞山区',3),(1574,184,'下陆区',3),(1575,184,'铁山区',3),(1576,184,'大冶市',3),(1577,184,'阳新县',3),(1578,185,'东宝区',3),(1579,185,'掇刀区',3),(1580,185,'钟祥市',3),(1581,185,'京山县',3),(1582,185,'沙洋县',3),(1583,186,'沙市区',3),(1584,186,'荆州区',3),(1585,186,'石首市',3),(1586,186,'洪湖市',3),(1587,186,'松滋市',3),(1588,186,'公安县',3),(1589,186,'监利县',3),(1590,186,'江陵县',3),(1591,187,'潜江市',3),(1592,188,'神农架林区',3),(1593,189,'张湾区',3),(1594,189,'茅箭区',3),(1595,189,'丹江口市',3),(1596,189,'郧县',3),(1597,189,'郧西县',3),(1598,189,'竹山县',3),(1599,189,'竹溪县',3),(1600,189,'房县',3),(1601,190,'曾都区',3),(1602,190,'广水市',3),(1603,191,'天门市',3),(1604,192,'咸安区',3),(1605,192,'赤壁市',3),(1606,192,'嘉鱼县',3),(1607,192,'通城县',3),(1608,192,'崇阳县',3),(1609,192,'通山县',3),(1610,193,'襄城区',3),(1611,193,'樊城区',3),(1612,193,'襄阳区',3),(1613,193,'老河口市',3),(1614,193,'枣阳市',3),(1615,193,'宜城市',3),(1616,193,'南漳县',3),(1617,193,'谷城县',3),(1618,193,'保康县',3),(1619,194,'孝南区',3),(1620,194,'应城市',3),(1621,194,'安陆市',3),(1622,194,'汉川市',3),(1623,194,'孝昌县',3),(1624,194,'大悟县',3),(1625,194,'云梦县',3),(1626,195,'长阳',3),(1627,195,'五峰',3),(1628,195,'西陵区',3),(1629,195,'伍家岗区',3),(1630,195,'点军区',3),(1631,195,'猇亭区',3),(1632,195,'夷陵区',3),(1633,195,'宜都市',3),(1634,195,'当阳市',3),(1635,195,'枝江市',3),(1636,195,'远安县',3),(1637,195,'兴山县',3),(1638,195,'秭归县',3),(1639,196,'恩施市',3),(1640,196,'利川市',3),(1641,196,'建始县',3),(1642,196,'巴东县',3),(1643,196,'宣恩县',3),(1644,196,'咸丰县',3),(1645,196,'来凤县',3),(1646,196,'鹤峰县',3),(1647,197,'岳麓区',3),(1648,197,'芙蓉区',3),(1649,197,'天心区',3),(1650,197,'开福区',3),(1651,197,'雨花区',3),(1652,197,'开发区',3),(1653,197,'浏阳市',3),(1654,197,'长沙县',3),(1655,197,'望城县',3),(1656,197,'宁乡县',3),(1657,198,'永定区',3),(1658,198,'武陵源区',3),(1659,198,'慈利县',3),(1660,198,'桑植县',3),(1661,199,'武陵区',3),(1662,199,'鼎城区',3),(1663,199,'津市市',3),(1664,199,'安乡县',3),(1665,199,'汉寿县',3),(1666,199,'澧县',3),(1667,199,'临澧县',3),(1668,199,'桃源县',3),(1669,199,'石门县',3),(1670,200,'北湖区',3),(1671,200,'苏仙区',3),(1672,200,'资兴市',3),(1673,200,'桂阳县',3),(1674,200,'宜章县',3),(1675,200,'永兴县',3),(1676,200,'嘉禾县',3),(1677,200,'临武县',3),(1678,200,'汝城县',3),(1679,200,'桂东县',3),(1680,200,'安仁县',3),(1681,201,'雁峰区',3),(1682,201,'珠晖区',3),(1683,201,'石鼓区',3),(1684,201,'蒸湘区',3),(1685,201,'南岳区',3),(1686,201,'耒阳市',3),(1687,201,'常宁市',3),(1688,201,'衡阳县',3),(1689,201,'衡南县',3),(1690,201,'衡山县',3),(1691,201,'衡东县',3),(1692,201,'祁东县',3),(1693,202,'鹤城区',3),(1694,202,'靖州',3),(1695,202,'麻阳',3),(1696,202,'通道',3),(1697,202,'新晃',3),(1698,202,'芷江',3),(1699,202,'沅陵县',3),(1700,202,'辰溪县',3),(1701,202,'溆浦县',3),(1702,202,'中方县',3),(1703,202,'会同县',3),(1704,202,'洪江市',3),(1705,203,'娄星区',3),(1706,203,'冷水江市',3),(1707,203,'涟源市',3),(1708,203,'双峰县',3),(1709,203,'新化县',3),(1710,204,'城步',3),(1711,204,'双清区',3),(1712,204,'大祥区',3),(1713,204,'北塔区',3),(1714,204,'武冈市',3),(1715,204,'邵东县',3),(1716,204,'新邵县',3),(1717,204,'邵阳县',3),(1718,204,'隆回县',3),(1719,204,'洞口县',3),(1720,204,'绥宁县',3),(1721,204,'新宁县',3),(1722,205,'岳塘区',3),(1723,205,'雨湖区',3),(1724,205,'湘乡市',3),(1725,205,'韶山市',3),(1726,205,'湘潭县',3),(1727,206,'吉首市',3),(1728,206,'泸溪县',3),(1729,206,'凤凰县',3),(1730,206,'花垣县',3),(1731,206,'保靖县',3),(1732,206,'古丈县',3),(1733,206,'永顺县',3),(1734,206,'龙山县',3),(1735,207,'赫山区',3),(1736,207,'资阳区',3),(1737,207,'沅江市',3),(1738,207,'南县',3),(1739,207,'桃江县',3),(1740,207,'安化县',3),(1741,208,'江华',3),(1742,208,'冷水滩区',3),(1743,208,'零陵区',3),(1744,208,'祁阳县',3),(1745,208,'东安县',3),(1746,208,'双牌县',3),(1747,208,'道县',3),(1748,208,'江永县',3),(1749,208,'宁远县',3),(1750,208,'蓝山县',3),(1751,208,'新田县',3),(1752,209,'岳阳楼区',3),(1753,209,'君山区',3),(1754,209,'云溪区',3),(1755,209,'汨罗市',3),(1756,209,'临湘市',3),(1757,209,'岳阳县',3),(1758,209,'华容县',3),(1759,209,'湘阴县',3),(1760,209,'平江县',3),(1761,210,'天元区',3),(1762,210,'荷塘区',3),(1763,210,'芦淞区',3),(1764,210,'石峰区',3),(1765,210,'醴陵市',3),(1766,210,'株洲县',3),(1767,210,'攸县',3),(1768,210,'茶陵县',3),(1769,210,'炎陵县',3),(1770,211,'朝阳区',3),(1771,211,'宽城区',3),(1772,211,'二道区',3),(1773,211,'南关区',3),(1774,211,'绿园区',3),(1775,211,'双阳区',3),(1776,211,'净月潭开发区',3),(1777,211,'高新技术开发区',3),(1778,211,'经济技术开发区',3),(1779,211,'汽车产业开发区',3),(1780,211,'德惠市',3),(1781,211,'九台市',3),(1782,211,'榆树市',3),(1783,211,'农安县',3),(1784,212,'船营区',3),(1785,212,'昌邑区',3),(1786,212,'龙潭区',3),(1787,212,'丰满区',3),(1788,212,'蛟河市',3),(1789,212,'桦甸市',3),(1790,212,'舒兰市',3),(1791,212,'磐石市',3),(1792,212,'永吉县',3),(1793,213,'洮北区',3),(1794,213,'洮南市',3),(1795,213,'大安市',3),(1796,213,'镇赉县',3),(1797,213,'通榆县',3),(1798,214,'江源区',3),(1799,214,'八道江区',3),(1800,214,'长白',3),(1801,214,'临江市',3),(1802,214,'抚松县',3),(1803,214,'靖宇县',3),(1804,215,'龙山区',3),(1805,215,'西安区',3),(1806,215,'东丰县',3),(1807,215,'东辽县',3),(1808,216,'铁西区',3),(1809,216,'铁东区',3),(1810,216,'伊通',3),(1811,216,'公主岭市',3),(1812,216,'双辽市',3),(1813,216,'梨树县',3),(1814,217,'前郭尔罗斯',3),(1815,217,'宁江区',3),(1816,217,'长岭县',3),(1817,217,'乾安县',3),(1818,217,'扶余县',3),(1819,218,'东昌区',3),(1820,218,'二道江区',3),(1821,218,'梅河口市',3),(1822,218,'集安市',3),(1823,218,'通化县',3),(1824,218,'辉南县',3),(1825,218,'柳河县',3),(1826,219,'延吉市',3),(1827,219,'图们市',3),(1828,219,'敦化市',3),(1829,219,'珲春市',3),(1830,219,'龙井市',3),(1831,219,'和龙市',3),(1832,219,'安图县',3),(1833,219,'汪清县',3),(1834,220,'玄武区',3),(1835,220,'鼓楼区',3),(1836,220,'白下区',3),(1837,220,'建邺区',3),(1838,220,'秦淮区',3),(1839,220,'雨花台区',3),(1840,220,'下关区',3),(1841,220,'栖霞区',3),(1842,220,'浦口区',3),(1843,220,'江宁区',3),(1844,220,'六合区',3),(1845,220,'溧水县',3),(1846,220,'高淳县',3),(1847,221,'沧浪区',3),(1848,221,'金阊区',3),(1849,221,'平江区',3),(1850,221,'虎丘区',3),(1851,221,'吴中区',3),(1852,221,'相城区',3),(1853,221,'园区',3),(1854,221,'新区',3),(1855,221,'常熟市',3),(1856,221,'张家港市',3),(1857,221,'玉山镇',3),(1858,221,'巴城镇',3),(1859,221,'周市镇',3),(1860,221,'陆家镇',3),(1861,221,'花桥镇',3),(1862,221,'淀山湖镇',3),(1863,221,'张浦镇',3),(1864,221,'周庄镇',3),(1865,221,'千灯镇',3),(1866,221,'锦溪镇',3),(1867,221,'开发区',3),(1868,221,'吴江市',3),(1869,221,'太仓市',3),(1870,222,'崇安区',3),(1871,222,'北塘区',3),(1872,222,'南长区',3),(1873,222,'锡山区',3),(1874,222,'惠山区',3),(1875,222,'滨湖区',3),(1876,222,'新区',3),(1877,222,'江阴市',3),(1878,222,'宜兴市',3),(1879,223,'天宁区',3),(1880,223,'钟楼区',3),(1881,223,'戚墅堰区',3),(1882,223,'郊区',3),(1883,223,'新北区',3),(1884,223,'武进区',3),(1885,223,'溧阳市',3),(1886,223,'金坛市',3),(1887,224,'清河区',3),(1888,224,'清浦区',3),(1889,224,'楚州区',3),(1890,224,'淮阴区',3),(1891,224,'涟水县',3),(1892,224,'洪泽县',3),(1893,224,'盱眙县',3),(1894,224,'金湖县',3),(1895,225,'新浦区',3),(1896,225,'连云区',3),(1897,225,'海州区',3),(1898,225,'赣榆县',3),(1899,225,'东海县',3),(1900,225,'灌云县',3),(1901,225,'灌南县',3),(1902,226,'崇川区',3),(1903,226,'港闸区',3),(1904,226,'经济开发区',3),(1905,226,'启东市',3),(1906,226,'如皋市',3),(1907,226,'通州市',3),(1908,226,'海门市',3),(1909,226,'海安县',3),(1910,226,'如东县',3),(1911,227,'宿城区',3),(1912,227,'宿豫区',3),(1913,227,'宿豫县',3),(1914,227,'沭阳县',3),(1915,227,'泗阳县',3),(1916,227,'泗洪县',3),(1917,228,'海陵区',3),(1918,228,'高港区',3),(1919,228,'兴化市',3),(1920,228,'靖江市',3),(1921,228,'泰兴市',3),(1922,228,'姜堰市',3),(1923,229,'云龙区',3),(1924,229,'鼓楼区',3),(1925,229,'九里区',3),(1926,229,'贾汪区',3),(1927,229,'泉山区',3),(1928,229,'新沂市',3),(1929,229,'邳州市',3),(1930,229,'丰县',3),(1931,229,'沛县',3),(1932,229,'铜山县',3),(1933,229,'睢宁县',3),(1934,230,'城区',3),(1935,230,'亭湖区',3),(1936,230,'盐都区',3),(1937,230,'盐都县',3),(1938,230,'东台市',3),(1939,230,'大丰市',3),(1940,230,'响水县',3),(1941,230,'滨海县',3),(1942,230,'阜宁县',3),(1943,230,'射阳县',3),(1944,230,'建湖县',3),(1945,231,'广陵区',3),(1946,231,'维扬区',3),(1947,231,'邗江区',3),(1948,231,'仪征市',3),(1949,231,'高邮市',3),(1950,231,'江都市',3),(1951,231,'宝应县',3),(1952,232,'京口区',3),(1953,232,'润州区',3),(1954,232,'丹徒区',3),(1955,232,'丹阳市',3),(1956,232,'扬中市',3),(1957,232,'句容市',3),(1958,233,'东湖区',3),(1959,233,'西湖区',3),(1960,233,'青云谱区',3),(1961,233,'湾里区',3),(1962,233,'青山湖区',3),(1963,233,'红谷滩新区',3),(1964,233,'昌北区',3),(1965,233,'高新区',3),(1966,233,'南昌县',3),(1967,233,'新建县',3),(1968,233,'安义县',3),(1969,233,'进贤县',3),(1970,234,'临川区',3),(1971,234,'南城县',3),(1972,234,'黎川县',3),(1973,234,'南丰县',3),(1974,234,'崇仁县',3),(1975,234,'乐安县',3),(1976,234,'宜黄县',3),(1977,234,'金溪县',3),(1978,234,'资溪县',3),(1979,234,'东乡县',3),(1980,234,'广昌县',3),(1981,235,'章贡区',3),(1982,235,'于都县',3),(1983,235,'瑞金市',3),(1984,235,'南康市',3),(1985,235,'赣县',3),(1986,235,'信丰县',3),(1987,235,'大余县',3),(1988,235,'上犹县',3),(1989,235,'崇义县',3),(1990,235,'安远县',3),(1991,235,'龙南县',3),(1992,235,'定南县',3),(1993,235,'全南县',3),(1994,235,'宁都县',3),(1995,235,'兴国县',3),(1996,235,'会昌县',3),(1997,235,'寻乌县',3),(1998,235,'石城县',3),(1999,236,'安福县',3),(2000,236,'吉州区',3),(2001,236,'青原区',3),(2002,236,'井冈山市',3),(2003,236,'吉安县',3),(2004,236,'吉水县',3),(2005,236,'峡江县',3),(2006,236,'新干县',3),(2007,236,'永丰县',3),(2008,236,'泰和县',3),(2009,236,'遂川县',3),(2010,236,'万安县',3),(2011,236,'永新县',3),(2012,237,'珠山区',3),(2013,237,'昌江区',3),(2014,237,'乐平市',3),(2015,237,'浮梁县',3),(2016,238,'浔阳区',3),(2017,238,'庐山区',3),(2018,238,'瑞昌市',3),(2019,238,'九江县',3),(2020,238,'武宁县',3),(2021,238,'修水县',3),(2022,238,'永修县',3),(2023,238,'德安县',3),(2024,238,'星子县',3),(2025,238,'都昌县',3),(2026,238,'湖口县',3),(2027,238,'彭泽县',3),(2028,239,'安源区',3),(2029,239,'湘东区',3),(2030,239,'莲花县',3),(2031,239,'芦溪县',3),(2032,239,'上栗县',3),(2033,240,'信州区',3),(2034,240,'德兴市',3),(2035,240,'上饶县',3),(2036,240,'广丰县',3),(2037,240,'玉山县',3),(2038,240,'铅山县',3),(2039,240,'横峰县',3),(2040,240,'弋阳县',3),(2041,240,'余干县',3),(2042,240,'波阳县',3),(2043,240,'万年县',3),(2044,240,'婺源县',3),(2045,241,'渝水区',3),(2046,241,'分宜县',3),(2047,242,'袁州区',3),(2048,242,'丰城市',3),(2049,242,'樟树市',3),(2050,242,'高安市',3),(2051,242,'奉新县',3),(2052,242,'万载县',3),(2053,242,'上高县',3),(2054,242,'宜丰县',3),(2055,242,'靖安县',3),(2056,242,'铜鼓县',3),(2057,243,'月湖区',3),(2058,243,'贵溪市',3),(2059,243,'余江县',3),(2060,244,'沈河区',3),(2061,244,'皇姑区',3),(2062,244,'和平区',3),(2063,244,'大东区',3),(2064,244,'铁西区',3),(2065,244,'苏家屯区',3),(2066,244,'东陵区',3),(2067,244,'沈北新区',3),(2068,244,'于洪区',3),(2069,244,'浑南新区',3),(2070,244,'新民市',3),(2071,244,'辽中县',3),(2072,244,'康平县',3),(2073,244,'法库县',3),(2074,245,'西岗区',3),(2075,245,'中山区',3),(2076,245,'沙河口区',3),(2077,245,'甘井子区',3),(2078,245,'旅顺口区',3),(2079,245,'金州区',3),(2080,245,'开发区',3),(2081,245,'瓦房店市',3),(2082,245,'普兰店市',3),(2083,245,'庄河市',3),(2084,245,'长海县',3),(2085,246,'铁东区',3),(2086,246,'铁西区',3),(2087,246,'立山区',3),(2088,246,'千山区',3),(2089,246,'岫岩',3),(2090,246,'海城市',3),(2091,246,'台安县',3),(2092,247,'本溪',3),(2093,247,'平山区',3),(2094,247,'明山区',3),(2095,247,'溪湖区',3),(2096,247,'南芬区',3),(2097,247,'桓仁',3),(2098,248,'双塔区',3),(2099,248,'龙城区',3),(2100,248,'喀喇沁左翼蒙古族自治县',3),(2101,248,'北票市',3),(2102,248,'凌源市',3),(2103,248,'朝阳县',3),(2104,248,'建平县',3),(2105,249,'振兴区',3),(2106,249,'元宝区',3),(2107,249,'振安区',3),(2108,249,'宽甸',3),(2109,249,'东港市',3),(2110,249,'凤城市',3),(2111,250,'顺城区',3),(2112,250,'新抚区',3),(2113,250,'东洲区',3),(2114,250,'望花区',3),(2115,250,'清原',3),(2116,250,'新宾',3),(2117,250,'抚顺县',3),(2118,251,'阜新',3),(2119,251,'海州区',3),(2120,251,'新邱区',3),(2121,251,'太平区',3),(2122,251,'清河门区',3),(2123,251,'细河区',3),(2124,251,'彰武县',3),(2125,252,'龙港区',3),(2126,252,'南票区',3),(2127,252,'连山区',3),(2128,252,'兴城市',3),(2129,252,'绥中县',3),(2130,252,'建昌县',3),(2131,253,'太和区',3),(2132,253,'古塔区',3),(2133,253,'凌河区',3),(2134,253,'凌海市',3),(2135,253,'北镇市',3),(2136,253,'黑山县',3),(2137,253,'义县',3),(2138,254,'白塔区',3),(2139,254,'文圣区',3),(2140,254,'宏伟区',3),(2141,254,'太子河区',3),(2142,254,'弓长岭区',3),(2143,254,'灯塔市',3),(2144,254,'辽阳县',3),(2145,255,'双台子区',3),(2146,255,'兴隆台区',3),(2147,255,'大洼县',3),(2148,255,'盘山县',3),(2149,256,'银州区',3),(2150,256,'清河区',3),(2151,256,'调兵山市',3),(2152,256,'开原市',3),(2153,256,'铁岭县',3),(2154,256,'西丰县',3),(2155,256,'昌图县',3),(2156,257,'站前区',3),(2157,257,'西市区',3),(2158,257,'鲅鱼圈区',3),(2159,257,'老边区',3),(2160,257,'盖州市',3),(2161,257,'大石桥市',3),(2162,258,'回民区',3),(2163,258,'玉泉区',3),(2164,258,'新城区',3),(2165,258,'赛罕区',3),(2166,258,'清水河县',3),(2167,258,'土默特左旗',3),(2168,258,'托克托县',3),(2169,258,'和林格尔县',3),(2170,258,'武川县',3),(2171,259,'阿拉善左旗',3),(2172,259,'阿拉善右旗',3),(2173,259,'额济纳旗',3),(2174,260,'临河区',3),(2175,260,'五原县',3),(2176,260,'磴口县',3),(2177,260,'乌拉特前旗',3),(2178,260,'乌拉特中旗',3),(2179,260,'乌拉特后旗',3),(2180,260,'杭锦后旗',3),(2181,261,'昆都仑区',3),(2182,261,'青山区',3),(2183,261,'东河区',3),(2184,261,'九原区',3),(2185,261,'石拐区',3),(2186,261,'白云矿区',3),(2187,261,'土默特右旗',3),(2188,261,'固阳县',3),(2189,261,'达尔罕茂明安联合旗',3),(2190,262,'红山区',3),(2191,262,'元宝山区',3),(2192,262,'松山区',3),(2193,262,'阿鲁科尔沁旗',3),(2194,262,'巴林左旗',3),(2195,262,'巴林右旗',3),(2196,262,'林西县',3),(2197,262,'克什克腾旗',3),(2198,262,'翁牛特旗',3),(2199,262,'喀喇沁旗',3),(2200,262,'宁城县',3),(2201,262,'敖汉旗',3),(2202,263,'东胜区',3),(2203,263,'达拉特旗',3),(2204,263,'准格尔旗',3),(2205,263,'鄂托克前旗',3),(2206,263,'鄂托克旗',3),(2207,263,'杭锦旗',3),(2208,263,'乌审旗',3),(2209,263,'伊金霍洛旗',3),(2210,264,'海拉尔区',3),(2211,264,'莫力达瓦',3),(2212,264,'满洲里市',3),(2213,264,'牙克石市',3),(2214,264,'扎兰屯市',3),(2215,264,'额尔古纳市',3),(2216,264,'根河市',3),(2217,264,'阿荣旗',3),(2218,264,'鄂伦春自治旗',3),(2219,264,'鄂温克族自治旗',3),(2220,264,'陈巴尔虎旗',3),(2221,264,'新巴尔虎左旗',3),(2222,264,'新巴尔虎右旗',3),(2223,265,'科尔沁区',3),(2224,265,'霍林郭勒市',3),(2225,265,'科尔沁左翼中旗',3),(2226,265,'科尔沁左翼后旗',3),(2227,265,'开鲁县',3),(2228,265,'库伦旗',3),(2229,265,'奈曼旗',3),(2230,265,'扎鲁特旗',3),(2231,266,'海勃湾区',3),(2232,266,'乌达区',3),(2233,266,'海南区',3),(2234,267,'化德县',3),(2235,267,'集宁区',3),(2236,267,'丰镇市',3),(2237,267,'卓资县',3),(2238,267,'商都县',3),(2239,267,'兴和县',3),(2240,267,'凉城县',3),(2241,267,'察哈尔右翼前旗',3),(2242,267,'察哈尔右翼中旗',3),(2243,267,'察哈尔右翼后旗',3),(2244,267,'四子王旗',3),(2245,268,'二连浩特市',3),(2246,268,'锡林浩特市',3),(2247,268,'阿巴嘎旗',3),(2248,268,'苏尼特左旗',3),(2249,268,'苏尼特右旗',3),(2250,268,'东乌珠穆沁旗',3),(2251,268,'西乌珠穆沁旗',3),(2252,268,'太仆寺旗',3),(2253,268,'镶黄旗',3),(2254,268,'正镶白旗',3),(2255,268,'正蓝旗',3),(2256,268,'多伦县',3),(2257,269,'乌兰浩特市',3),(2258,269,'阿尔山市',3),(2259,269,'科尔沁右翼前旗',3),(2260,269,'科尔沁右翼中旗',3),(2261,269,'扎赉特旗',3),(2262,269,'突泉县',3),(2263,270,'西夏区',3),(2264,270,'金凤区',3),(2265,270,'兴庆区',3),(2266,270,'灵武市',3),(2267,270,'永宁县',3),(2268,270,'贺兰县',3),(2269,271,'原州区',3),(2270,271,'海原县',3),(2271,271,'西吉县',3),(2272,271,'隆德县',3),(2273,271,'泾源县',3),(2274,271,'彭阳县',3),(2275,272,'惠农县',3),(2276,272,'大武口区',3),(2277,272,'惠农区',3),(2278,272,'陶乐县',3),(2279,272,'平罗县',3),(2280,273,'利通区',3),(2281,273,'中卫县',3),(2282,273,'青铜峡市',3),(2283,273,'中宁县',3),(2284,273,'盐池县',3),(2285,273,'同心县',3),(2286,274,'沙坡头区',3),(2287,274,'海原县',3),(2288,274,'中宁县',3),(2289,275,'城中区',3),(2290,275,'城东区',3),(2291,275,'城西区',3),(2292,275,'城北区',3),(2293,275,'湟中县',3),(2294,275,'湟源县',3),(2295,275,'大通',3),(2296,276,'玛沁县',3),(2297,276,'班玛县',3),(2298,276,'甘德县',3),(2299,276,'达日县',3),(2300,276,'久治县',3),(2301,276,'玛多县',3),(2302,277,'海晏县',3),(2303,277,'祁连县',3),(2304,277,'刚察县',3),(2305,277,'门源',3),(2306,278,'平安县',3),(2307,278,'乐都县',3),(2308,278,'民和',3),(2309,278,'互助',3),(2310,278,'化隆',3),(2311,278,'循化',3),(2312,279,'共和县',3),(2313,279,'同德县',3),(2314,279,'贵德县',3),(2315,279,'兴海县',3),(2316,279,'贵南县',3),(2317,280,'德令哈市',3),(2318,280,'格尔木市',3),(2319,280,'乌兰县',3),(2320,280,'都兰县',3),(2321,280,'天峻县',3),(2322,281,'同仁县',3),(2323,281,'尖扎县',3),(2324,281,'泽库县',3),(2325,281,'河南蒙古族自治县',3),(2326,282,'玉树县',3),(2327,282,'杂多县',3),(2328,282,'称多县',3),(2329,282,'治多县',3),(2330,282,'囊谦县',3),(2331,282,'曲麻莱县',3),(2332,283,'市中区',3),(2333,283,'历下区',3),(2334,283,'天桥区',3),(2335,283,'槐荫区',3),(2336,283,'历城区',3),(2337,283,'长清区',3),(2338,283,'章丘市',3),(2339,283,'平阴县',3),(2340,283,'济阳县',3),(2341,283,'商河县',3),(2342,284,'市南区',3),(2343,284,'市北区',3),(2344,284,'城阳区',3),(2345,284,'四方区',3),(2346,284,'李沧区',3),(2347,284,'黄岛区',3),(2348,284,'崂山区',3),(2349,284,'胶州市',3),(2350,284,'即墨市',3),(2351,284,'平度市',3),(2352,284,'胶南市',3),(2353,284,'莱西市',3),(2354,285,'滨城区',3),(2355,285,'惠民县',3),(2356,285,'阳信县',3),(2357,285,'无棣县',3),(2358,285,'沾化县',3),(2359,285,'博兴县',3),(2360,285,'邹平县',3),(2361,286,'德城区',3),(2362,286,'陵县',3),(2363,286,'乐陵市',3),(2364,286,'禹城市',3),(2365,286,'宁津县',3),(2366,286,'庆云县',3),(2367,286,'临邑县',3),(2368,286,'齐河县',3),(2369,286,'平原县',3),(2370,286,'夏津县',3),(2371,286,'武城县',3),(2372,287,'东营区',3),(2373,287,'河口区',3),(2374,287,'垦利县',3),(2375,287,'利津县',3),(2376,287,'广饶县',3),(2377,288,'牡丹区',3),(2378,288,'曹县',3),(2379,288,'单县',3),(2380,288,'成武县',3),(2381,288,'巨野县',3),(2382,288,'郓城县',3),(2383,288,'鄄城县',3),(2384,288,'定陶县',3),(2385,288,'东明县',3),(2386,289,'市中区',3),(2387,289,'任城区',3),(2388,289,'曲阜市',3),(2389,289,'兖州市',3),(2390,289,'邹城市',3),(2391,289,'微山县',3),(2392,289,'鱼台县',3),(2393,289,'金乡县',3),(2394,289,'嘉祥县',3),(2395,289,'汶上县',3),(2396,289,'泗水县',3),(2397,289,'梁山县',3),(2398,290,'莱城区',3),(2399,290,'钢城区',3),(2400,291,'东昌府区',3),(2401,291,'临清市',3),(2402,291,'阳谷县',3),(2403,291,'莘县',3),(2404,291,'茌平县',3),(2405,291,'东阿县',3),(2406,291,'冠县',3),(2407,291,'高唐县',3),(2408,292,'兰山区',3),(2409,292,'罗庄区',3),(2410,292,'河东区',3),(2411,292,'沂南县',3),(2412,292,'郯城县',3),(2413,292,'沂水县',3),(2414,292,'苍山县',3),(2415,292,'费县',3),(2416,292,'平邑县',3),(2417,292,'莒南县',3),(2418,292,'蒙阴县',3),(2419,292,'临沭县',3),(2420,293,'东港区',3),(2421,293,'岚山区',3),(2422,293,'五莲县',3),(2423,293,'莒县',3),(2424,294,'泰山区',3),(2425,294,'岱岳区',3),(2426,294,'新泰市',3),(2427,294,'肥城市',3),(2428,294,'宁阳县',3),(2429,294,'东平县',3),(2430,295,'荣成市',3),(2431,295,'乳山市',3),(2432,295,'环翠区',3),(2433,295,'文登市',3),(2434,296,'潍城区',3),(2435,296,'寒亭区',3),(2436,296,'坊子区',3),(2437,296,'奎文区',3),(2438,296,'青州市',3),(2439,296,'诸城市',3),(2440,296,'寿光市',3),(2441,296,'安丘市',3),(2442,296,'高密市',3),(2443,296,'昌邑市',3),(2444,296,'临朐县',3),(2445,296,'昌乐县',3),(2446,297,'芝罘区',3),(2447,297,'福山区',3),(2448,297,'牟平区',3),(2449,297,'莱山区',3),(2450,297,'开发区',3),(2451,297,'龙口市',3),(2452,297,'莱阳市',3),(2453,297,'莱州市',3),(2454,297,'蓬莱市',3),(2455,297,'招远市',3),(2456,297,'栖霞市',3),(2457,297,'海阳市',3),(2458,297,'长岛县',3),(2459,298,'市中区',3),(2460,298,'山亭区',3),(2461,298,'峄城区',3),(2462,298,'台儿庄区',3),(2463,298,'薛城区',3),(2464,298,'滕州市',3),(2465,299,'张店区',3),(2466,299,'临淄区',3),(2467,299,'淄川区',3),(2468,299,'博山区',3),(2469,299,'周村区',3),(2470,299,'桓台县',3),(2471,299,'高青县',3),(2472,299,'沂源县',3),(2473,300,'杏花岭区',3),(2474,300,'小店区',3),(2475,300,'迎泽区',3),(2476,300,'尖草坪区',3),(2477,300,'万柏林区',3),(2478,300,'晋源区',3),(2479,300,'高新开发区',3),(2480,300,'民营经济开发区',3),(2481,300,'经济技术开发区',3),(2482,300,'清徐县',3),(2483,300,'阳曲县',3),(2484,300,'娄烦县',3),(2485,300,'古交市',3),(2486,301,'城区',3),(2487,301,'郊区',3),(2488,301,'沁县',3),(2489,301,'潞城市',3),(2490,301,'长治县',3),(2491,301,'襄垣县',3),(2492,301,'屯留县',3),(2493,301,'平顺县',3),(2494,301,'黎城县',3),(2495,301,'壶关县',3),(2496,301,'长子县',3),(2497,301,'武乡县',3),(2498,301,'沁源县',3),(2499,302,'城区',3),(2500,302,'矿区',3),(2501,302,'南郊区',3),(2502,302,'新荣区',3),(2503,302,'阳高县',3),(2504,302,'天镇县',3),(2505,302,'广灵县',3),(2506,302,'灵丘县',3),(2507,302,'浑源县',3),(2508,302,'左云县',3),(2509,302,'大同县',3),(2510,303,'城区',3),(2511,303,'高平市',3),(2512,303,'沁水县',3),(2513,303,'阳城县',3),(2514,303,'陵川县',3),(2515,303,'泽州县',3),(2516,304,'榆次区',3),(2517,304,'介休市',3),(2518,304,'榆社县',3),(2519,304,'左权县',3),(2520,304,'和顺县',3),(2521,304,'昔阳县',3),(2522,304,'寿阳县',3),(2523,304,'太谷县',3),(2524,304,'祁县',3),(2525,304,'平遥县',3),(2526,304,'灵石县',3),(2527,305,'尧都区',3),(2528,305,'侯马市',3),(2529,305,'霍州市',3),(2530,305,'曲沃县',3),(2531,305,'翼城县',3),(2532,305,'襄汾县',3),(2533,305,'洪洞县',3),(2534,305,'吉县',3),(2535,305,'安泽县',3),(2536,305,'浮山县',3),(2537,305,'古县',3),(2538,305,'乡宁县',3),(2539,305,'大宁县',3),(2540,305,'隰县',3),(2541,305,'永和县',3),(2542,305,'蒲县',3),(2543,305,'汾西县',3),(2544,306,'离石市',3),(2545,306,'离石区',3),(2546,306,'孝义市',3),(2547,306,'汾阳市',3),(2548,306,'文水县',3),(2549,306,'交城县',3),(2550,306,'兴县',3),(2551,306,'临县',3),(2552,306,'柳林县',3),(2553,306,'石楼县',3),(2554,306,'岚县',3),(2555,306,'方山县',3),(2556,306,'中阳县',3),(2557,306,'交口县',3),(2558,307,'朔城区',3),(2559,307,'平鲁区',3),(2560,307,'山阴县',3),(2561,307,'应县',3),(2562,307,'右玉县',3),(2563,307,'怀仁县',3),(2564,308,'忻府区',3),(2565,308,'原平市',3),(2566,308,'定襄县',3),(2567,308,'五台县',3),(2568,308,'代县',3),(2569,308,'繁峙县',3),(2570,308,'宁武县',3),(2571,308,'静乐县',3),(2572,308,'神池县',3),(2573,308,'五寨县',3),(2574,308,'岢岚县',3),(2575,308,'河曲县',3),(2576,308,'保德县',3),(2577,308,'偏关县',3),(2578,309,'城区',3),(2579,309,'矿区',3),(2580,309,'郊区',3),(2581,309,'平定县',3),(2582,309,'盂县',3),(2583,310,'盐湖区',3),(2584,310,'永济市',3),(2585,310,'河津市',3),(2586,310,'临猗县',3),(2587,310,'万荣县',3),(2588,310,'闻喜县',3),(2589,310,'稷山县',3),(2590,310,'新绛县',3),(2591,310,'绛县',3),(2592,310,'垣曲县',3),(2593,310,'夏县',3),(2594,310,'平陆县',3),(2595,310,'芮城县',3),(2596,311,'莲湖区',3),(2597,311,'新城区',3),(2598,311,'碑林区',3),(2599,311,'雁塔区',3),(2600,311,'灞桥区',3),(2601,311,'未央区',3),(2602,311,'阎良区',3),(2603,311,'临潼区',3),(2604,311,'长安区',3),(2605,311,'蓝田县',3),(2606,311,'周至县',3),(2607,311,'户县',3),(2608,311,'高陵县',3),(2609,312,'汉滨区',3),(2610,312,'汉阴县',3),(2611,312,'石泉县',3),(2612,312,'宁陕县',3),(2613,312,'紫阳县',3),(2614,312,'岚皋县',3),(2615,312,'平利县',3),(2616,312,'镇坪县',3),(2617,312,'旬阳县',3),(2618,312,'白河县',3),(2619,313,'陈仓区',3),(2620,313,'渭滨区',3),(2621,313,'金台区',3),(2622,313,'凤翔县',3),(2623,313,'岐山县',3),(2624,313,'扶风县',3),(2625,313,'眉县',3),(2626,313,'陇县',3),(2627,313,'千阳县',3),(2628,313,'麟游县',3),(2629,313,'凤县',3),(2630,313,'太白县',3),(2631,314,'汉台区',3),(2632,314,'南郑县',3),(2633,314,'城固县',3),(2634,314,'洋县',3),(2635,314,'西乡县',3),(2636,314,'勉县',3),(2637,314,'宁强县',3),(2638,314,'略阳县',3),(2639,314,'镇巴县',3),(2640,314,'留坝县',3),(2641,314,'佛坪县',3),(2642,315,'商州区',3),(2643,315,'洛南县',3),(2644,315,'丹凤县',3),(2645,315,'商南县',3),(2646,315,'山阳县',3),(2647,315,'镇安县',3),(2648,315,'柞水县',3),(2649,316,'耀州区',3),(2650,316,'王益区',3),(2651,316,'印台区',3),(2652,316,'宜君县',3),(2653,317,'临渭区',3),(2654,317,'韩城市',3),(2655,317,'华阴市',3),(2656,317,'华县',3),(2657,317,'潼关县',3),(2658,317,'大荔县',3),(2659,317,'合阳县',3),(2660,317,'澄城县',3),(2661,317,'蒲城县',3),(2662,317,'白水县',3),(2663,317,'富平县',3),(2664,318,'秦都区',3),(2665,318,'渭城区',3),(2666,318,'杨陵区',3),(2667,318,'兴平市',3),(2668,318,'三原县',3),(2669,318,'泾阳县',3),(2670,318,'乾县',3),(2671,318,'礼泉县',3),(2672,318,'永寿县',3),(2673,318,'彬县',3),(2674,318,'长武县',3),(2675,318,'旬邑县',3),(2676,318,'淳化县',3),(2677,318,'武功县',3),(2678,319,'吴起县',3),(2679,319,'宝塔区',3),(2680,319,'延长县',3),(2681,319,'延川县',3),(2682,319,'子长县',3),(2683,319,'安塞县',3),(2684,319,'志丹县',3),(2685,319,'甘泉县',3),(2686,319,'富县',3),(2687,319,'洛川县',3),(2688,319,'宜川县',3),(2689,319,'黄龙县',3),(2690,319,'黄陵县',3),(2691,320,'榆阳区',3),(2692,320,'神木县',3),(2693,320,'府谷县',3),(2694,320,'横山县',3),(2695,320,'靖边县',3),(2696,320,'定边县',3),(2697,320,'绥德县',3),(2698,320,'米脂县',3),(2699,320,'佳县',3),(2700,320,'吴堡县',3),(2701,320,'清涧县',3),(2702,320,'子洲县',3),(2703,321,'长宁区',3),(2704,321,'闸北区',3),(2705,321,'闵行区',3),(2706,321,'徐汇区',3),(2707,321,'浦东新区',3),(2708,321,'杨浦区',3),(2709,321,'普陀区',3),(2710,321,'静安区',3),(2711,321,'卢湾区',3),(2712,321,'虹口区',3),(2713,321,'黄浦区',3),(2714,321,'南汇区',3),(2715,321,'松江区',3),(2716,321,'嘉定区',3),(2717,321,'宝山区',3),(2718,321,'青浦区',3),(2719,321,'金山区',3),(2720,321,'奉贤区',3),(2721,321,'崇明县',3),(2722,322,'青羊区',3),(2723,322,'锦江区',3),(2724,322,'金牛区',3),(2725,322,'武侯区',3),(2726,322,'成华区',3),(2727,322,'龙泉驿区',3),(2728,322,'青白江区',3),(2729,322,'新都区',3),(2730,322,'温江区',3),(2731,322,'高新区',3),(2732,322,'高新西区',3),(2733,322,'都江堰市',3),(2734,322,'彭州市',3),(2735,322,'邛崃市',3),(2736,322,'崇州市',3),(2737,322,'金堂县',3),(2738,322,'双流县',3),(2739,322,'郫县',3),(2740,322,'大邑县',3),(2741,322,'蒲江县',3),(2742,322,'新津县',3),(2743,322,'都江堰市',3),(2744,322,'彭州市',3),(2745,322,'邛崃市',3),(2746,322,'崇州市',3),(2747,322,'金堂县',3),(2748,322,'双流县',3),(2749,322,'郫县',3),(2750,322,'大邑县',3),(2751,322,'蒲江县',3),(2752,322,'新津县',3),(2753,323,'涪城区',3),(2754,323,'游仙区',3),(2755,323,'江油市',3),(2756,323,'盐亭县',3),(2757,323,'三台县',3),(2758,323,'平武县',3),(2759,323,'安县',3),(2760,323,'梓潼县',3),(2761,323,'北川县',3),(2762,324,'马尔康县',3),(2763,324,'汶川县',3),(2764,324,'理县',3),(2765,324,'茂县',3),(2766,324,'松潘县',3),(2767,324,'九寨沟县',3),(2768,324,'金川县',3),(2769,324,'小金县',3),(2770,324,'黑水县',3),(2771,324,'壤塘县',3),(2772,324,'阿坝县',3),(2773,324,'若尔盖县',3),(2774,324,'红原县',3),(2775,325,'巴州区',3),(2776,325,'通江县',3),(2777,325,'南江县',3),(2778,325,'平昌县',3),(2779,326,'通川区',3),(2780,326,'万源市',3),(2781,326,'达县',3),(2782,326,'宣汉县',3),(2783,326,'开江县',3),(2784,326,'大竹县',3),(2785,326,'渠县',3),(2786,327,'旌阳区',3),(2787,327,'广汉市',3),(2788,327,'什邡市',3),(2789,327,'绵竹市',3),(2790,327,'罗江县',3),(2791,327,'中江县',3),(2792,328,'康定县',3),(2793,328,'丹巴县',3),(2794,328,'泸定县',3),(2795,328,'炉霍县',3),(2796,328,'九龙县',3),(2797,328,'甘孜县',3),(2798,328,'雅江县',3),(2799,328,'新龙县',3),(2800,328,'道孚县',3),(2801,328,'白玉县',3),(2802,328,'理塘县',3),(2803,328,'德格县',3),(2804,328,'乡城县',3),(2805,328,'石渠县',3),(2806,328,'稻城县',3),(2807,328,'色达县',3),(2808,328,'巴塘县',3),(2809,328,'得荣县',3),(2810,329,'广安区',3),(2811,329,'华蓥市',3),(2812,329,'岳池县',3),(2813,329,'武胜县',3),(2814,329,'邻水县',3),(2815,330,'利州区',3),(2816,330,'元坝区',3),(2817,330,'朝天区',3),(2818,330,'旺苍县',3),(2819,330,'青川县',3),(2820,330,'剑阁县',3),(2821,330,'苍溪县',3),(2822,331,'峨眉山市',3),(2823,331,'乐山市',3),(2824,331,'犍为县',3),(2825,331,'井研县',3),(2826,331,'夹江县',3),(2827,331,'沐川县',3),(2828,331,'峨边',3),(2829,331,'马边',3),(2830,332,'西昌市',3),(2831,332,'盐源县',3),(2832,332,'德昌县',3),(2833,332,'会理县',3),(2834,332,'会东县',3),(2835,332,'宁南县',3),(2836,332,'普格县',3),(2837,332,'布拖县',3),(2838,332,'金阳县',3),(2839,332,'昭觉县',3),(2840,332,'喜德县',3),(2841,332,'冕宁县',3),(2842,332,'越西县',3),(2843,332,'甘洛县',3),(2844,332,'美姑县',3),(2845,332,'雷波县',3),(2846,332,'木里',3),(2847,333,'东坡区',3),(2848,333,'仁寿县',3),(2849,333,'彭山县',3),(2850,333,'洪雅县',3),(2851,333,'丹棱县',3),(2852,333,'青神县',3),(2853,334,'阆中市',3),(2854,334,'南部县',3),(2855,334,'营山县',3),(2856,334,'蓬安县',3),(2857,334,'仪陇县',3),(2858,334,'顺庆区',3),(2859,334,'高坪区',3),(2860,334,'嘉陵区',3),(2861,334,'西充县',3),(2862,335,'市中区',3),(2863,335,'东兴区',3),(2864,335,'威远县',3),(2865,335,'资中县',3),(2866,335,'隆昌县',3),(2867,336,'东  区',3),(2868,336,'西  区',3),(2869,336,'仁和区',3),(2870,336,'米易县',3),(2871,336,'盐边县',3),(2872,337,'船山区',3),(2873,337,'安居区',3),(2874,337,'蓬溪县',3),(2875,337,'射洪县',3),(2876,337,'大英县',3),(2877,338,'雨城区',3),(2878,338,'名山县',3),(2879,338,'荥经县',3),(2880,338,'汉源县',3),(2881,338,'石棉县',3),(2882,338,'天全县',3),(2883,338,'芦山县',3),(2884,338,'宝兴县',3),(2885,339,'翠屏区',3),(2886,339,'宜宾县',3),(2887,339,'南溪县',3),(2888,339,'江安县',3),(2889,339,'长宁县',3),(2890,339,'高县',3),(2891,339,'珙县',3),(2892,339,'筠连县',3),(2893,339,'兴文县',3),(2894,339,'屏山县',3),(2895,340,'雁江区',3),(2896,340,'简阳市',3),(2897,340,'安岳县',3),(2898,340,'乐至县',3),(2899,341,'大安区',3),(2900,341,'自流井区',3),(2901,341,'贡井区',3),(2902,341,'沿滩区',3),(2903,341,'荣县',3),(2904,341,'富顺县',3),(2905,342,'江阳区',3),(2906,342,'纳溪区',3),(2907,342,'龙马潭区',3),(2908,342,'泸县',3),(2909,342,'合江县',3),(2910,342,'叙永县',3),(2911,342,'古蔺县',3),(2912,343,'和平区',3),(2913,343,'河西区',3),(2914,343,'南开区',3),(2915,343,'河北区',3),(2916,343,'河东区',3),(2917,343,'红桥区',3),(2918,343,'东丽区',3),(2919,343,'津南区',3),(2920,343,'西青区',3),(2921,343,'北辰区',3),(2922,343,'塘沽区',3),(2923,343,'汉沽区',3),(2924,343,'大港区',3),(2925,343,'武清区',3),(2926,343,'宝坻区',3),(2927,343,'经济开发区',3),(2928,343,'宁河县',3),(2929,343,'静海县',3),(2930,343,'蓟县',3),(2931,344,'城关区',3),(2932,344,'林周县',3),(2933,344,'当雄县',3),(2934,344,'尼木县',3),(2935,344,'曲水县',3),(2936,344,'堆龙德庆县',3),(2937,344,'达孜县',3),(2938,344,'墨竹工卡县',3),(2939,345,'噶尔县',3),(2940,345,'普兰县',3),(2941,345,'札达县',3),(2942,345,'日土县',3),(2943,345,'革吉县',3),(2944,345,'改则县',3),(2945,345,'措勤县',3),(2946,346,'昌都县',3),(2947,346,'江达县',3),(2948,346,'贡觉县',3),(2949,346,'类乌齐县',3),(2950,346,'丁青县',3),(2951,346,'察雅县',3),(2952,346,'八宿县',3),(2953,346,'左贡县',3),(2954,346,'芒康县',3),(2955,346,'洛隆县',3),(2956,346,'边坝县',3),(2957,347,'林芝县',3),(2958,347,'工布江达县',3),(2959,347,'米林县',3),(2960,347,'墨脱县',3),(2961,347,'波密县',3),(2962,347,'察隅县',3),(2963,347,'朗县',3),(2964,348,'那曲县',3),(2965,348,'嘉黎县',3),(2966,348,'比如县',3),(2967,348,'聂荣县',3),(2968,348,'安多县',3),(2969,348,'申扎县',3),(2970,348,'索县',3),(2971,348,'班戈县',3),(2972,348,'巴青县',3),(2973,348,'尼玛县',3),(2974,349,'日喀则市',3),(2975,349,'南木林县',3),(2976,349,'江孜县',3),(2977,349,'定日县',3),(2978,349,'萨迦县',3),(2979,349,'拉孜县',3),(2980,349,'昂仁县',3),(2981,349,'谢通门县',3),(2982,349,'白朗县',3),(2983,349,'仁布县',3),(2984,349,'康马县',3),(2985,349,'定结县',3),(2986,349,'仲巴县',3),(2987,349,'亚东县',3),(2988,349,'吉隆县',3),(2989,349,'聂拉木县',3),(2990,349,'萨嘎县',3),(2991,349,'岗巴县',3),(2992,350,'乃东县',3),(2993,350,'扎囊县',3),(2994,350,'贡嘎县',3),(2995,350,'桑日县',3),(2996,350,'琼结县',3),(2997,350,'曲松县',3),(2998,350,'措美县',3),(2999,350,'洛扎县',3),(3000,350,'加查县',3),(3001,350,'隆子县',3),(3002,350,'错那县',3),(3003,350,'浪卡子县',3),(3004,351,'天山区',3),(3005,351,'沙依巴克区',3),(3006,351,'新市区',3),(3007,351,'水磨沟区',3),(3008,351,'头屯河区',3),(3009,351,'达坂城区',3),(3010,351,'米东区',3),(3011,351,'乌鲁木齐县',3),(3012,352,'阿克苏市',3),(3013,352,'温宿县',3),(3014,352,'库车县',3),(3015,352,'沙雅县',3),(3016,352,'新和县',3),(3017,352,'拜城县',3),(3018,352,'乌什县',3),(3019,352,'阿瓦提县',3),(3020,352,'柯坪县',3),(3021,353,'阿拉尔市',3),(3022,354,'库尔勒市',3),(3023,354,'轮台县',3),(3024,354,'尉犁县',3),(3025,354,'若羌县',3),(3026,354,'且末县',3),(3027,354,'焉耆',3),(3028,354,'和静县',3),(3029,354,'和硕县',3),(3030,354,'博湖县',3),(3031,355,'博乐市',3),(3032,355,'精河县',3),(3033,355,'温泉县',3),(3034,356,'呼图壁县',3),(3035,356,'米泉市',3),(3036,356,'昌吉市',3),(3037,356,'阜康市',3),(3038,356,'玛纳斯县',3),(3039,356,'奇台县',3),(3040,356,'吉木萨尔县',3),(3041,356,'木垒',3),(3042,357,'哈密市',3),(3043,357,'伊吾县',3),(3044,357,'巴里坤',3),(3045,358,'和田市',3),(3046,358,'和田县',3),(3047,358,'墨玉县',3),(3048,358,'皮山县',3),(3049,358,'洛浦县',3),(3050,358,'策勒县',3),(3051,358,'于田县',3),(3052,358,'民丰县',3),(3053,359,'喀什市',3),(3054,359,'疏附县',3),(3055,359,'疏勒县',3),(3056,359,'英吉沙县',3),(3057,359,'泽普县',3),(3058,359,'莎车县',3),(3059,359,'叶城县',3),(3060,359,'麦盖提县',3),(3061,359,'岳普湖县',3),(3062,359,'伽师县',3),(3063,359,'巴楚县',3),(3064,359,'塔什库尔干',3),(3065,360,'克拉玛依市',3),(3066,361,'阿图什市',3),(3067,361,'阿克陶县',3),(3068,361,'阿合奇县',3),(3069,361,'乌恰县',3),(3070,362,'石河子市',3),(3071,363,'图木舒克市',3),(3072,364,'吐鲁番市',3),(3073,364,'鄯善县',3),(3074,364,'托克逊县',3),(3075,365,'五家渠市',3),(3076,366,'阿勒泰市',3),(3077,366,'布克赛尔',3),(3078,366,'伊宁市',3),(3079,366,'布尔津县',3),(3080,366,'奎屯市',3),(3081,366,'乌苏市',3),(3082,366,'额敏县',3),(3083,366,'富蕴县',3),(3084,366,'伊宁县',3),(3085,366,'福海县',3),(3086,366,'霍城县',3),(3087,366,'沙湾县',3),(3088,366,'巩留县',3),(3089,366,'哈巴河县',3),(3090,366,'托里县',3),(3091,366,'青河县',3),(3092,366,'新源县',3),(3093,366,'裕民县',3),(3094,366,'和布克赛尔',3),(3095,366,'吉木乃县',3),(3096,366,'昭苏县',3),(3097,366,'特克斯县',3),(3098,366,'尼勒克县',3),(3099,366,'察布查尔',3),(3100,367,'盘龙区',3),(3101,367,'五华区',3),(3102,367,'官渡区',3),(3103,367,'西山区',3),(3104,367,'东川区',3),(3105,367,'安宁市',3),(3106,367,'呈贡县',3),(3107,367,'晋宁县',3),(3108,367,'富民县',3),(3109,367,'宜良县',3),(3110,367,'嵩明县',3),(3111,367,'石林县',3),(3112,367,'禄劝',3),(3113,367,'寻甸',3),(3114,368,'兰坪',3),(3115,368,'泸水县',3),(3116,368,'福贡县',3),(3117,368,'贡山',3),(3118,369,'宁洱',3),(3119,369,'思茅区',3),(3120,369,'墨江',3),(3121,369,'景东',3),(3122,369,'景谷',3),(3123,369,'镇沅',3),(3124,369,'江城',3),(3125,369,'孟连',3),(3126,369,'澜沧',3),(3127,369,'西盟',3),(3128,370,'古城区',3),(3129,370,'宁蒗',3),(3130,370,'玉龙',3),(3131,370,'永胜县',3),(3132,370,'华坪县',3),(3133,371,'隆阳区',3),(3134,371,'施甸县',3),(3135,371,'腾冲县',3),(3136,371,'龙陵县',3),(3137,371,'昌宁县',3),(3138,372,'楚雄市',3),(3139,372,'双柏县',3),(3140,372,'牟定县',3),(3141,372,'南华县',3),(3142,372,'姚安县',3),(3143,372,'大姚县',3),(3144,372,'永仁县',3),(3145,372,'元谋县',3),(3146,372,'武定县',3),(3147,372,'禄丰县',3),(3148,373,'大理市',3),(3149,373,'祥云县',3),(3150,373,'宾川县',3),(3151,373,'弥渡县',3),(3152,373,'永平县',3),(3153,373,'云龙县',3),(3154,373,'洱源县',3),(3155,373,'剑川县',3),(3156,373,'鹤庆县',3),(3157,373,'漾濞',3),(3158,373,'南涧',3),(3159,373,'巍山',3),(3160,374,'潞西市',3),(3161,374,'瑞丽市',3),(3162,374,'梁河县',3),(3163,374,'盈江县',3),(3164,374,'陇川县',3),(3165,375,'香格里拉县',3),(3166,375,'德钦县',3),(3167,375,'维西',3),(3168,376,'泸西县',3),(3169,376,'蒙自县',3),(3170,376,'个旧市',3),(3171,376,'开远市',3),(3172,376,'绿春县',3),(3173,376,'建水县',3),(3174,376,'石屏县',3),(3175,376,'弥勒县',3),(3176,376,'元阳县',3),(3177,376,'红河县',3),(3178,376,'金平',3),(3179,376,'河口',3),(3180,376,'屏边',3),(3181,377,'临翔区',3),(3182,377,'凤庆县',3),(3183,377,'云县',3),(3184,377,'永德县',3),(3185,377,'镇康县',3),(3186,377,'双江',3),(3187,377,'耿马',3),(3188,377,'沧源',3),(3189,378,'麒麟区',3),(3190,378,'宣威市',3),(3191,378,'马龙县',3),(3192,378,'陆良县',3),(3193,378,'师宗县',3),(3194,378,'罗平县',3),(3195,378,'富源县',3),(3196,378,'会泽县',3),(3197,378,'沾益县',3),(3198,379,'文山县',3),(3199,379,'砚山县',3),(3200,379,'西畴县',3),(3201,379,'麻栗坡县',3),(3202,379,'马关县',3),(3203,379,'丘北县',3),(3204,379,'广南县',3),(3205,379,'富宁县',3),(3206,380,'景洪市',3),(3207,380,'勐海县',3),(3208,380,'勐腊县',3),(3209,381,'红塔区',3),(3210,381,'江川县',3),(3211,381,'澄江县',3),(3212,381,'通海县',3),(3213,381,'华宁县',3),(3214,381,'易门县',3),(3215,381,'峨山',3),(3216,381,'新平',3),(3217,381,'元江',3),(3218,382,'昭阳区',3),(3219,382,'鲁甸县',3),(3220,382,'巧家县',3),(3221,382,'盐津县',3),(3222,382,'大关县',3),(3223,382,'永善县',3),(3224,382,'绥江县',3),(3225,382,'镇雄县',3),(3226,382,'彝良县',3),(3227,382,'威信县',3),(3228,382,'水富县',3),(3229,383,'西湖区',3),(3230,383,'上城区',3),(3231,383,'下城区',3),(3232,383,'拱墅区',3),(3233,383,'滨江区',3),(3234,383,'江干区',3),(3235,383,'萧山区',3),(3236,383,'余杭区',3),(3237,383,'市郊',3),(3238,383,'建德市',3),(3239,383,'富阳市',3),(3240,383,'临安市',3),(3241,383,'桐庐县',3),(3242,383,'淳安县',3),(3243,384,'吴兴区',3),(3244,384,'南浔区',3),(3245,384,'德清县',3),(3246,384,'长兴县',3),(3247,384,'安吉县',3),(3248,385,'南湖区',3),(3249,385,'秀洲区',3),(3250,385,'海宁市',3),(3251,385,'嘉善县',3),(3252,385,'平湖市',3),(3253,385,'桐乡市',3),(3254,385,'海盐县',3),(3255,386,'婺城区',3),(3256,386,'金东区',3),(3257,386,'兰溪市',3),(3258,386,'市区',3),(3259,386,'佛堂镇',3),(3260,386,'上溪镇',3),(3261,386,'义亭镇',3),(3262,386,'大陈镇',3),(3263,386,'苏溪镇',3),(3264,386,'赤岸镇',3),(3265,386,'东阳市',3),(3266,386,'永康市',3),(3267,386,'武义县',3),(3268,386,'浦江县',3),(3269,386,'磐安县',3),(3270,387,'莲都区',3),(3271,387,'龙泉市',3),(3272,387,'青田县',3),(3273,387,'缙云县',3),(3274,387,'遂昌县',3),(3275,387,'松阳县',3),(3276,387,'云和县',3),(3277,387,'庆元县',3),(3278,387,'景宁',3),(3279,388,'海曙区',3),(3280,388,'江东区',3),(3281,388,'江北区',3),(3282,388,'镇海区',3),(3283,388,'北仑区',3),(3284,388,'鄞州区',3),(3285,388,'余姚市',3),(3286,388,'慈溪市',3),(3287,388,'奉化市',3),(3288,388,'象山县',3),(3289,388,'宁海县',3),(3290,389,'越城区',3),(3291,389,'上虞市',3),(3292,389,'嵊州市',3),(3293,389,'绍兴县',3),(3294,389,'新昌县',3),(3295,389,'诸暨市',3),(3296,390,'椒江区',3),(3297,390,'黄岩区',3),(3298,390,'路桥区',3),(3299,390,'温岭市',3),(3300,390,'临海市',3),(3301,390,'玉环县',3),(3302,390,'三门县',3),(3303,390,'天台县',3),(3304,390,'仙居县',3),(3305,391,'鹿城区',3),(3306,391,'龙湾区',3),(3307,391,'瓯海区',3),(3308,391,'瑞安市',3),(3309,391,'乐清市',3),(3310,391,'洞头县',3),(3311,391,'永嘉县',3),(3312,391,'平阳县',3),(3313,391,'苍南县',3),(3314,391,'文成县',3),(3315,391,'泰顺县',3),(3316,392,'定海区',3),(3317,392,'普陀区',3),(3318,392,'岱山县',3),(3319,392,'嵊泗县',3),(3320,393,'衢州市',3),(3321,393,'江山市',3),(3322,393,'常山县',3),(3323,393,'开化县',3),(3324,393,'龙游县',3),(3325,394,'合川区',3),(3326,394,'江津区',3),(3327,394,'南川区',3),(3328,394,'永川区',3),(3329,394,'南岸区',3),(3330,394,'渝北区',3),(3331,394,'万盛区',3),(3332,394,'大渡口区',3),(3333,394,'万州区',3),(3334,394,'北碚区',3),(3335,394,'沙坪坝区',3),(3336,394,'巴南区',3),(3337,394,'涪陵区',3),(3338,394,'江北区',3),(3339,394,'九龙坡区',3),(3340,394,'渝中区',3),(3341,394,'黔江开发区',3),(3342,394,'长寿区',3),(3343,394,'双桥区',3),(3344,394,'綦江县',3),(3345,394,'潼南县',3),(3346,394,'铜梁县',3),(3347,394,'大足县',3),(3348,394,'荣昌县',3),(3349,394,'璧山县',3),(3350,394,'垫江县',3),(3351,394,'武隆县',3),(3352,394,'丰都县',3),(3353,394,'城口县',3),(3354,394,'梁平县',3),(3355,394,'开县',3),(3356,394,'巫溪县',3),(3357,394,'巫山县',3),(3358,394,'奉节县',3),(3359,394,'云阳县',3),(3360,394,'忠县',3),(3361,394,'石柱',3),(3362,394,'彭水',3),(3363,394,'酉阳',3),(3364,394,'秀山',3),(3365,395,'沙田区',3),(3366,395,'东区',3),(3367,395,'观塘区',3),(3368,395,'黄大仙区',3),(3369,395,'九龙城区',3),(3370,395,'屯门区',3),(3371,395,'葵青区',3),(3372,395,'元朗区',3),(3373,395,'深水埗区',3),(3374,395,'西贡区',3),(3375,395,'大埔区',3),(3376,395,'湾仔区',3),(3377,395,'油尖旺区',3),(3378,395,'北区',3),(3379,395,'南区',3),(3380,395,'荃湾区',3),(3381,395,'中西区',3),(3382,395,'离岛区',3),(3383,396,'澳门',3),(3384,397,'台北',3),(3385,397,'高雄',3),(3386,397,'基隆',3),(3387,397,'台中',3),(3388,397,'台南',3),(3389,397,'新竹',3),(3390,397,'嘉义',3),(3391,397,'宜兰县',3),(3392,397,'桃园县',3),(3393,397,'苗栗县',3),(3394,397,'彰化县',3),(3395,397,'南投县',3),(3396,397,'云林县',3),(3397,397,'屏东县',3),(3398,397,'台东县',3),(3399,397,'花莲县',3),(3400,397,'澎湖县',3),(3401,3,'合肥',2),(3402,3401,'庐阳区',3),(3403,3401,'瑶海区',3),(3404,3401,'蜀山区',3),(3405,3401,'包河区',3),(3406,3401,'长丰县',3),(3407,3401,'肥东县',3),(3408,3401,'肥西县',3);

#
# Structure for table "cy_article"
#

DROP TABLE IF EXISTS `cy_article`;
CREATE TABLE `cy_article` (
  `article_id` int(11) unsigned NOT NULL AUTO_INCREMENT,
  `title` varchar(60) NOT NULL DEFAULT '' COMMENT '标题',
  `content` text COMMENT '文章内容',
  `create_time` int(11) unsigned NOT NULL,
  `update_time` int(11) unsigned NOT NULL,
  `delete_time` int(11) unsigned DEFAULT NULL,
  PRIMARY KEY (`article_id`)
) ENGINE=MyISAM AUTO_INCREMENT=4 DEFAULT CHARSET=utf8 COMMENT='文章';

#
# Data for table "cy_article"
#

/*!40000 ALTER TABLE `cy_article` DISABLE KEYS */;
INSERT INTO `cy_article` VALUES (1,'系统1','<p>dfdfecvefefefeededede</p>',1513650681,1513650681,NULL),(2,'systmemassage2','<p>message2</p>',1513652031,1513652031,NULL),(3,'systmemassage2','<p>message2</p>',1513652032,1513652031,NULL);
/*!40000 ALTER TABLE `cy_article` ENABLE KEYS */;

#
# Structure for table "cy_auth"
#

DROP TABLE IF EXISTS `cy_auth`;
CREATE TABLE `cy_auth` (
  `group_id` int(11) NOT NULL COMMENT '用户组ID',
  `menu_id` int(11) NOT NULL COMMENT '菜单ID',
  `create_time` int(11) DEFAULT NULL,
  `update_time` int(11) DEFAULT NULL,
  `delete_time` int(11) DEFAULT NULL
) ENGINE=MyISAM DEFAULT CHARSET=utf8 COMMENT='用户组权限';

#
# Data for table "cy_auth"
#

/*!40000 ALTER TABLE `cy_auth` DISABLE KEYS */;
INSERT INTO `cy_auth` VALUES (26,336,1514432232,1514432232,NULL),(26,335,1514432232,1514432232,NULL),(26,361,1514432232,1514432232,NULL),(26,334,1514432232,1514432232,NULL),(26,333,1514432232,1514432232,NULL),(26,388,1514432232,1514432232,NULL),(26,387,1514432232,1514432232,NULL),(26,386,1514432232,1514432232,NULL),(26,383,1514432232,1514432232,NULL),(26,382,1514432232,1514432232,NULL),(26,381,1514432232,1514432232,NULL),(26,375,1514432232,1514432232,NULL),(26,374,1514432232,1514432232,NULL),(26,373,1514432232,1514432232,NULL),(26,372,1514432232,1514432232,NULL),(26,359,1514432232,1514432232,NULL),(26,358,1514432232,1514432232,NULL),(26,357,1514432232,1514432232,NULL),(26,354,1514432232,1514432232,NULL),(26,353,1514432232,1514432232,NULL),(26,352,1514432232,1514432232,NULL),(26,345,1514432232,1514432232,NULL),(26,355,1514432232,1514432232,NULL),(26,24,1514432232,1514432232,NULL),(27,3,1514196198,1514196198,NULL),(27,1,1514196198,1514196198,NULL),(27,2,1514196198,1514196198,NULL),(27,23,1514196198,1514196198,NULL),(27,19,1514196198,1514196198,NULL),(27,18,1514196198,1514196198,NULL),(27,385,1514196198,1514196198,NULL),(27,384,1514196198,1514196198,NULL),(27,238,1514196198,1514196198,NULL),(27,15,1514196198,1514196198,NULL),(27,11,1514196198,1514196198,NULL),(27,10,1514196198,1514196198,NULL),(27,9,1514196198,1514196198,NULL),(27,8,1514196198,1514196198,NULL),(27,7,1514196198,1514196198,NULL),(27,6,1514196198,1514196198,NULL),(27,16,1514196198,1514196198,NULL),(27,14,1514196198,1514196198,NULL),(27,13,1514196198,1514196198,NULL),(27,12,1514196198,1514196198,NULL),(27,5,1514196198,1514196198,NULL),(27,4,1514196198,1514196198,NULL),(27,360,1514196198,1514196198,NULL),(27,356,1514196198,1514196198,NULL),(27,348,1514196198,1514196198,NULL),(27,347,1514196198,1514196198,NULL),(27,346,1514196198,1514196198,NULL),(27,344,1514196198,1514196198,NULL),(27,343,1514196198,1514196198,NULL),(27,342,1514196198,1514196198,NULL),(27,341,1514196198,1514196198,NULL),(27,340,1514196198,1514196198,NULL),(27,380,1514196198,1514196198,NULL),(27,379,1514196198,1514196198,NULL),(27,378,1514196198,1514196198,NULL),(27,371,1514196198,1514196198,NULL),(27,369,1514196198,1514196198,NULL),(27,368,1514196198,1514196198,NULL),(27,367,1514196198,1514196198,NULL),(27,366,1514196198,1514196198,NULL),(27,365,1514196198,1514196198,NULL),(27,351,1514196198,1514196198,NULL),(27,370,1514196198,1514196198,NULL),(27,364,1514196198,1514196198,NULL),(27,363,1514196198,1514196198,NULL),(27,350,1514196198,1514196198,NULL),(27,349,1514196198,1514196198,NULL),(27,339,1514196198,1514196198,NULL),(27,338,1514196198,1514196198,NULL),(27,337,1514196198,1514196198,NULL),(27,377,1514196198,1514196198,NULL),(27,362,1514196198,1514196198,NULL),(27,336,1514196198,1514196198,NULL),(27,335,1514196198,1514196198,NULL),(27,361,1514196198,1514196198,NULL),(27,334,1514196198,1514196198,NULL),(27,333,1514196198,1514196198,NULL),(27,388,1514196198,1514196198,NULL),(27,387,1514196198,1514196198,NULL),(27,386,1514196198,1514196198,NULL),(27,383,1514196198,1514196198,NULL),(27,382,1514196198,1514196198,NULL),(27,381,1514196198,1514196198,NULL),(27,375,1514196198,1514196198,NULL),(27,374,1514196198,1514196198,NULL),(27,373,1514196198,1514196198,NULL),(27,372,1514196198,1514196198,NULL),(27,359,1514196198,1514196198,NULL),(27,358,1514196198,1514196198,NULL),(27,357,1514196198,1514196198,NULL),(27,354,1514196198,1514196198,NULL),(27,353,1514196198,1514196198,NULL),(27,352,1514196198,1514196198,NULL),(27,345,1514196198,1514196198,NULL),(27,355,1514196198,1514196198,NULL),(27,24,1514196198,1514196198,NULL),(27,20,1514196198,1514196198,NULL),(27,21,1514196198,1514196198,NULL),(27,22,1514196198,1514196198,NULL),(26,362,1514432232,1514432232,NULL),(26,377,1514432232,1514432232,NULL),(26,337,1514432232,1514432232,NULL),(26,338,1514432232,1514432232,NULL),(26,339,1514432232,1514432232,NULL),(26,349,1514432232,1514432232,NULL),(26,350,1514432232,1514432232,NULL),(26,363,1514432232,1514432232,NULL),(26,364,1514432232,1514432232,NULL),(26,370,1514432232,1514432232,NULL),(26,351,1514432232,1514432232,NULL),(26,365,1514432232,1514432232,NULL),(26,366,1514432232,1514432232,NULL),(26,367,1514432232,1514432232,NULL),(26,368,1514432232,1514432232,NULL),(26,369,1514432232,1514432232,NULL),(26,371,1514432232,1514432232,NULL),(26,378,1514432232,1514432232,NULL),(26,379,1514432232,1514432232,NULL),(26,380,1514432232,1514432232,NULL),(26,340,1514432232,1514432232,NULL),(26,341,1514432232,1514432232,NULL),(26,342,1514432232,1514432232,NULL),(26,343,1514432232,1514432232,NULL),(26,344,1514432232,1514432232,NULL),(26,346,1514432232,1514432232,NULL),(26,347,1514432232,1514432232,NULL),(26,348,1514432232,1514432232,NULL),(26,356,1514432232,1514432232,NULL),(26,360,1514432232,1514432232,NULL),(26,4,1514432232,1514432232,NULL),(26,5,1514432232,1514432232,NULL),(26,12,1514432232,1514432232,NULL),(26,13,1514432232,1514432232,NULL),(26,14,1514432232,1514432232,NULL),(26,16,1514432232,1514432232,NULL),(26,6,1514432232,1514432232,NULL),(26,7,1514432232,1514432232,NULL),(26,8,1514432232,1514432232,NULL),(26,9,1514432232,1514432232,NULL),(26,10,1514432232,1514432232,NULL),(26,11,1514432232,1514432232,NULL),(26,15,1514432232,1514432232,NULL),(26,238,1514432232,1514432232,NULL),(26,384,1514432232,1514432232,NULL),(26,385,1514432232,1514432232,NULL),(26,18,1514432232,1514432232,NULL),(26,19,1514432232,1514432232,NULL),(26,23,1514432232,1514432232,NULL),(26,2,1514432232,1514432232,NULL),(26,1,1514432232,1514432232,NULL),(26,3,1514432232,1514432232,NULL),(26,20,1514432232,1514432232,NULL),(26,21,1514432232,1514432232,NULL),(26,22,1514432232,1514432232,NULL);
/*!40000 ALTER TABLE `cy_auth` ENABLE KEYS */;

#
# Structure for table "cy_auth_group"
#

DROP TABLE IF EXISTS `cy_auth_group`;
CREATE TABLE `cy_auth_group` (
  `group_id` int(11) unsigned NOT NULL AUTO_INCREMENT COMMENT '用户组标识',
  `group_name` varchar(255) NOT NULL COMMENT '用户组名称',
  `status` int(1) NOT NULL DEFAULT '1' COMMENT '状态：0-禁用，1-启用(禁用该组所有用户)',
  `delete_time` int(11) DEFAULT NULL COMMENT '删除时间',
  `create_time` int(11) DEFAULT NULL COMMENT '创建时间',
  `update_time` int(11) DEFAULT NULL COMMENT '更新时间',
  PRIMARY KEY (`group_id`)
) ENGINE=MyISAM AUTO_INCREMENT=28 DEFAULT CHARSET=utf8 COMMENT='用户组';

#
# Data for table "cy_auth_group"
#

/*!40000 ALTER TABLE `cy_auth_group` DISABLE KEYS */;
INSERT INTO `cy_auth_group` VALUES (1,'超级管理员',1,NULL,NULL,NULL),(25,'测试',1,1509531974,1509531959,1509531959),(26,'管理员',1,NULL,1509602347,1509602347),(27,'test',1,NULL,1512713445,1512713445);
/*!40000 ALTER TABLE `cy_auth_group` ENABLE KEYS */;

#
# Structure for table "cy_banner"
#

DROP TABLE IF EXISTS `cy_banner`;
CREATE TABLE `cy_banner` (
  `id` int(11) NOT NULL AUTO_INCREMENT,
  `name` varchar(50) DEFAULT NULL COMMENT '名称',
  `image` varchar(50) DEFAULT NULL COMMENT '图片',
  `status` int(1) DEFAULT '1' COMMENT '状态 0 禁用 1启用',
  `create_time` int(11) DEFAULT NULL,
  `delete_time` int(11) DEFAULT NULL,
  `update_time` int(11) DEFAULT NULL,
  PRIMARY KEY (`id`)
) ENGINE=MyISAM AUTO_INCREMENT=7 DEFAULT CHARSET=utf8 COMMENT='banner表';

#
# Data for table "cy_banner"
#

/*!40000 ALTER TABLE `cy_banner` DISABLE KEYS */;
INSERT INTO `cy_banner` VALUES (1,'test','/banners/2017/12/timg4.jpg',1,1512548979,1512554614,1512548979),(2,'test2','/banners/2017/12/image01512554639.png',0,1512554529,NULL,1512554529),(3,'ddd','/banners/2017/12/timg4.jpg',1,1512554639,NULL,1512554639),(4,'hgkh','/banners/2017/12/timg2.jpg',1,1512714120,NULL,1512714120),(5,'ddd','/banners/2017/12/timg3.jpg',1,1512962598,NULL,1512962598),(6,'电风扇','/banners/2017/12/timg1.jpg',1,1512966696,NULL,1512966696);
/*!40000 ALTER TABLE `cy_banner` ENABLE KEYS */;

#
# Structure for table "cy_category"
#

DROP TABLE IF EXISTS `cy_category`;
CREATE TABLE `cy_category` (
  `cate_id` int(11) NOT NULL AUTO_INCREMENT,
  `name` varchar(255) DEFAULT NULL COMMENT '名称',
  `pid` int(11) DEFAULT NULL COMMENT '上级id',
  `sort` int(11) DEFAULT NULL COMMENT '排序',
  `unit` varchar(20) DEFAULT NULL COMMENT '计量单位',
  `status` int(1) NOT NULL DEFAULT '1' COMMENT '状态 0禁用1启用',
  `update_time` int(11) DEFAULT NULL,
  `delete_time` int(11) DEFAULT NULL,
  `create_time` int(11) DEFAULT NULL,
  PRIMARY KEY (`cate_id`)
) ENGINE=MyISAM AUTO_INCREMENT=23 DEFAULT CHARSET=utf8 COMMENT='商品类型表';

#
# Data for table "cy_category"
#

/*!40000 ALTER TABLE `cy_category` DISABLE KEYS */;
INSERT INTO `cy_category` VALUES (1,'套餐',0,9,NULL,1,NULL,NULL,NULL),(2,'小炒',0,1,NULL,1,NULL,NULL,NULL),(3,'汤',0,8,NULL,1,NULL,NULL,NULL),(9,'个人套餐',1,NULL,'份',1,1513735105,NULL,NULL),(14,'冰冻糖水',NULL,NULL,'茶',1,1512538856,NULL,1512538856),(15,'面食',0,NULL,'碗',1,1512538902,NULL,1512538902),(16,'炸酱面',15,NULL,'碗',1,1512538979,NULL,1512538979),(17,'双人分享',0,NULL,'父',1,1512548256,NULL,1512548256),(19,'酒水饮料',0,NULL,'我',1,1512548323,NULL,1512548323),(20,'粥',1,NULL,'盘',0,1512550439,NULL,1512550439),(22,'test',1,NULL,'dd',1,NULL,NULL,NULL);
/*!40000 ALTER TABLE `cy_category` ENABLE KEYS */;

#
# Structure for table "cy_comment"
#

DROP TABLE IF EXISTS `cy_comment`;
CREATE TABLE `cy_comment` (
  `id` int(11) NOT NULL AUTO_INCREMENT,
  `member_id` int(11) DEFAULT NULL COMMENT '用户id',
  `goods_id` int(11) DEFAULT NULL COMMENT '商品id',
  `order_id` int(11) DEFAULT NULL COMMENT '订单id',
  `score` int(1) DEFAULT NULL COMMENT '星级 1|2|3|4|5',
  `content` varchar(255) NOT NULL DEFAULT '' COMMENT '评论内容',
  `com_img1` varchar(255) DEFAULT NULL COMMENT '评价图1',
  `com_img2` varchar(255) DEFAULT NULL COMMENT '评价图二',
  `com_img3` varchar(255) DEFAULT NULL COMMENT '评价图三',
  `com_img4` varchar(255) DEFAULT NULL COMMENT '评价图4',
  `update_time` int(11) DEFAULT NULL,
  `delete_time` int(11) DEFAULT NULL,
  `create_time` int(11) DEFAULT NULL COMMENT '评价时间',
  PRIMARY KEY (`id`)
) ENGINE=MyISAM AUTO_INCREMENT=88 DEFAULT CHARSET=utf8 COMMENT='评论表';

#
# Data for table "cy_comment"
#

/*!40000 ALTER TABLE `cy_comment` DISABLE KEYS */;
INSERT INTO `cy_comment` VALUES (1,9,1,12,1,'5egifk ','headImg/2017/08/1502864330_image0.jpeg','headImg/2017/08/1502864330_image0.jpeg','headImg/2017/08/1502864330_image0.jpeg','headImg/2017/08/1502864330_image0.jpeg',1509603709,NULL,1509603709),(2,10,3,12,2,'5egifk ','headImg/2017/08/1502864330_image0.jpeg','headImg/2017/08/1502864330_image0.jpeg','headImg/2017/08/1502864330_image0.jpeg','headImg/2017/08/1502864330_image0.jpeg',1509603709,NULL,1509603709),(3,39,4,12,1,'5egifk ','headImg/2017/08/1502864330_image0.jpeg','headImg/2017/08/1502864330_image0.jpeg','headImg/2017/08/1502864330_image0.jpeg','headImg/2017/08/1502864330_image0.jpeg',1509603709,NULL,1509603709),(4,12,6,12,3,'5egifk ','headImg/2017/08/1502864330_image0.jpeg','headImg/2017/08/1502864330_image0.jpeg','headImg/2017/08/1502864330_image0.jpeg','headImg/2017/08/1502864330_image0.jpeg',1509603709,NULL,1509603709),(5,13,3,12,4,'5egifk ','headImg/2017/08/1502864330_image0.jpeg','headImg/2017/08/1502864330_image0.jpeg','headImg/2017/08/1502864330_image0.jpeg','headImg/2017/08/1502864330_image0.jpeg',1509603709,NULL,1509603709),(6,31,4,12,5,'5egifk ','headImg/2017/08/1502864330_image0.jpeg','headImg/2017/08/1502864330_image0.jpeg','headImg/2017/08/1502864330_image0.jpeg','headImg/2017/08/1502864330_image0.jpeg',1509603709,NULL,1509603709),(7,12,6,12,2,'5egifk ','headImg/2017/08/1502864330_image0.jpeg','headImg/2017/08/1502864330_image0.jpeg','headImg/2017/08/1502864330_image0.jpeg','headImg/2017/08/1502864330_image0.jpeg',1509603709,NULL,1509603709),(8,9,8,12,3,'5egifk ','headImg/2017/08/1502864330_image0.jpeg','headImg/2017/08/1502864330_image0.jpeg','headImg/2017/08/1502864330_image0.jpeg','headImg/2017/08/1502864330_image0.jpeg',1509603709,1512956495,1509603709),(9,48,1,1,5,'qqqqqqqqqqqqqqq','/comment/2018/01/comment_img01515399944.jpeg','','','',1514874483,NULL,1514874483),(10,48,2,1,2,'','/comment/2018/01/comment_img01515400055.png','','','',1514874483,NULL,1514874483),(11,48,1,1,5,'qqqqqqqqqqqqqqq','/comment/2018/01/comment_img01515400103.png','','','',1514874590,NULL,1514874590),(12,48,2,1,2,'wwwwwwwwww','/comment/2018/01/comment_img01515400233.png','','','',1514874590,NULL,1514874590),(13,48,1,1,5,'qqqqqqqqqq','/comment/2018/01/comment_img01515400289.png','','','',1514874859,NULL,1514874859),(14,46,2,82,3,'wwwwwwwww','headImg/2017/08/1502864330_image0.jpeg','headImg/2017/08/1502864330_image0.jpeg','headImg/2017/08/1502864330_image0.jpeg','headImg/2017/08/1502864330_image0.jpeg',1514874859,NULL,1514874859),(15,46,1,NULL,5,'qqqqqqqqq','/comment/2018/01/comment_img01515400289.png','','','',1514875076,NULL,1514875076),(16,48,2,1,2,'wwwwwwwwwwww','/comment/2018/01/comment_img01515403276.png','','','',1514875076,NULL,1514875076),(17,48,1,1,5,'qqqqqqqqqqqqqqqqq','/comment/2018/01/comment_img01515399944.jpeg','','','',1514875128,NULL,1514875128),(18,48,2,1,2,'','/comment/2018/01/comment_img01515399944.jpeg','','','',1514875128,NULL,1514875128),(19,46,1,82,4,'菲亚特','/comment/2018/01/comment_img01515403276.png','','','',1515390379,NULL,1515390379),(20,46,3,82,3,'','/comment/2018/01/comment_img01515399943.png','','','',1515390379,NULL,1515390379),(59,46,1,82,4,'哦那你','/comment/2018/01/comment_img01515399943.png','/comment/2018/01/comment_img11515399943.png','/comment/2018/01/comment_img21515399943.png','',1515399945,NULL,1515399945),(60,46,3,82,3,'8454152','/comment/2018/01/comment_img01515399944.jpeg','/comment/2018/01/comment_img11515399944.png','','',1515399945,NULL,1515399945),(61,46,1,88,3,'不发','/comment/2018/01/comment_img01515400055.png','','','',1515400056,NULL,1515400056),(62,46,1,88,3,'不发','/comment/2018/01/comment_img01515400103.png','','','',1515400104,NULL,1515400104),(63,46,1,88,3,'不发','/comment/2018/01/comment_img01515400233.png','','','',1515400234,NULL,1515400234),(64,46,1,88,5,'臭丫头','/comment/2018/01/comment_img01515400289.png','','','',1515400290,NULL,1515400290),(65,46,1,79,4,'不好吃','/comment/2018/01/comment_img01515403276.png','','','',1515403277,NULL,1515403277),(66,46,3,82,3,'个v和哦i','/comment/2018/01/comment_img01515983426.png','/comment/2018/01/comment_img11515983426.png','','',1515983428,NULL,1515983428),(67,46,1,82,4,'身板儿我','/comment/2018/01/comment_img01515983427.jpeg','','','',1515983428,NULL,1515983428),(68,46,3,82,2,'记得让她','/comment/2018/01/comment_img01515983906.png','','','',1515983908,NULL,1515983908),(69,46,1,82,4,'红色','/comment/2018/01/comment_img01515983907.png','','','',1515983908,NULL,1515983908),(70,46,3,82,3,'不要','/comment/2018/01/comment_img01515984082.png','','','',1515984084,NULL,1515984084),(71,46,1,82,4,'有i','/comment/2018/01/comment_img01515984083.png','','','',1515984084,NULL,1515984084),(72,46,3,82,4,'阿佛','/comment/2018/01/comment_img01515984492.png','','','',1515984494,NULL,1515984494),(73,46,1,82,5,'啊会饿','/comment/2018/01/comment_img01515984493.png','','','',1515984494,NULL,1515984494),(74,46,3,82,4,'给u','/comment/2018/01/comment_img01515984557.png','','','',1515984559,NULL,1515984559),(75,46,1,82,4,'个人','/comment/2018/01/comment_img01515984558.png','','','',1515984559,NULL,1515984559),(76,46,3,82,4,'人','/comment/2018/01/comment_img01515984709.jpeg','','','',1515984711,NULL,1515984711),(77,46,1,82,5,'i7u','/comment/2018/01/comment_img01515984710.jpeg','','','',1515984711,NULL,1515984711),(78,46,3,82,4,'人','/comment/2018/01/comment_img01515984771.jpeg','','','',1515984773,NULL,1515984773),(79,46,1,82,5,'i7u','/comment/2018/01/comment_img01515984772.jpeg','','','',1515984773,NULL,1515984773),(80,46,3,82,4,'人','/comment/2018/01/comment_img01515984795.jpeg','','','',1515984797,NULL,1515984797),(81,46,1,82,5,'i7u','/comment/2018/01/comment_img01515984796.jpeg','','','',1515984797,NULL,1515984797),(82,48,4,264,5,'','','','','',1515995223,NULL,1515995223),(83,48,4,266,1,'','','','','',1515995418,NULL,1515995418),(84,48,4,268,4,'12rwefa','','','','',1515995467,NULL,1515995467),(85,48,4,288,3,'','','','','',1515996101,NULL,1515996101),(86,46,3,81,4,'拿点','/comment/2018/01/comment_img01516067785.png','','','',1516067786,NULL,1516067786),(87,42,9,314,4,'不好恰','/comment/2018/01/comment_img01516095319.jpeg','','','',1516095320,NULL,1516095320);
/*!40000 ALTER TABLE `cy_comment` ENABLE KEYS */;

#
# Structure for table "cy_config"
#

DROP TABLE IF EXISTS `cy_config`;
CREATE TABLE `cy_config` (
  `id` int(11) unsigned NOT NULL AUTO_INCREMENT COMMENT 'ID',
  `config_mark` varchar(255) NOT NULL DEFAULT '' COMMENT '配置唯一标识',
  `config_name` varchar(255) NOT NULL DEFAULT '' COMMENT '配置名称',
  `config_value` text COMMENT '配置值',
  `config_des` varchar(255) NOT NULL DEFAULT '' COMMENT '配置描述',
  `type` varchar(255) NOT NULL DEFAULT 'text' COMMENT '控件类型text,radio,checkbox,button等',
  `type_value` varchar(255) DEFAULT NULL,
  `group` varchar(255) NOT NULL DEFAULT 'base' COMMENT '配置类型base,config,shop等',
  `sort` tinyint(3) NOT NULL DEFAULT '0' COMMENT '排序',
  `update_time` int(11) DEFAULT NULL COMMENT '修改时间',
  `delete_time` int(11) DEFAULT NULL COMMENT '删除时间',
  `create_time` int(11) DEFAULT NULL COMMENT '创建时间',
  PRIMARY KEY (`id`)
) ENGINE=MyISAM AUTO_INCREMENT=104 DEFAULT CHARSET=utf8 COMMENT='系统配置表';

#
# Data for table "cy_config"
#

/*!40000 ALTER TABLE `cy_config` DISABLE KEYS */;
INSERT INTO `cy_config` VALUES (2,'WEB_URL','网站网址','127.0.0.88','当前网站域名，请谨慎修改','text',NULL,'base',1,1498639320,NULL,NULL),(3,'WEB_STATUS','站点状态','1','配置站点是否开启0-关闭，1-开启','radio','a:2:{i:0;a:2:{s:4:\"name\";s:6:\"关闭\";s:5:\"value\";s:1:\"0\";}i:1;a:2:{s:4:\"name\";s:6:\"开启\";s:5:\"value\";s:1:\"1\";}}','base',2,1498639320,NULL,NULL),(4,'WEB_ADMIN_NAME','后台名称',' 后台管理','后台名称','text','','base',3,1498639320,NULL,NULL),(5,'STATIC_URL','资源服务器','127.0.0.88','静态资源服务器，请谨慎修改','text',NULL,'base',4,1498639320,NULL,NULL),(6,'WEB_DESC','商城描述','我还没有.','888888888','textarea',NULL,'seo',5,1498639320,NULL,NULL),(7,'WEB_ADMIN_DESC','后台描述','后台管理','后台描述','text',NULL,'seo',6,1498639320,NULL,NULL),(11,'LOGIN_TIMEOUT','登录超时','0','登录超时时间','text',NULL,'login',7,1498639320,NULL,1494918314),(57,'BEAT_TIME','心跳时间','30000','后台登录超时验证时间间隔','text',NULL,'login',13,1498639320,NULL,1495159728),(58,'CHECK_SCENE','权限认证','always','后台访问权限验证方式','radio','a:2:{i:0;a:2:{s:4:\"name\";s:12:\"实时验证\";s:5:\"value\";s:6:\"always\";}i:1;a:2:{s:4:\"name\";s:12:\"登录验证\";s:5:\"value\";s:4:\"once\";}}','base',14,1498639320,NULL,1495854795),(60,'DEFAULT_IMG','默认图片','/config/1498463598_DEFAULT_IMG1.png','图片文件不存在时默认显示图片','file',NULL,'base',16,1498468706,NULL,1496893697),(61,'WEB_LOGO','网站LOGO','/config/2017/06/1496906081WEB_LOGO1.png','网站logo','file',NULL,'base',17,1498468706,NULL,1496894016),(62,'QR_CODE','二维码','/config/1497252222_QR_CODE1.png','商城二维码','file',NULL,'seo',18,1498468706,NULL,1496975243),(75,'EMAIL_SMTPSECURE','邮件安全协议','ssl','使用安全协议','text',NULL,'email',0,1498639320,NULL,1498554468),(76,'EMAIL_HOST','邮件发送邮局域名','smtp.163.com','服务器','text',NULL,'email',0,1498639320,NULL,1498554602),(77,'EMAIL_PORT','邮件发送端口','465','邮件发送端口','text',NULL,'email',0,1498639320,NULL,1498554771),(78,'EMAIL_USERNAME','邮件发送用户名','wanggang19910826@163.com','邮件发送用户名','text',NULL,'email',0,1498639320,NULL,1498554884),(79,'EMAIL_PASSWORD','邮件发送密码','wanggang826','邮件发送密码','text',NULL,'email',0,1498639320,NULL,1498555012),(80,'EMAIL_FROM','邮件发送者地址','wanggang19910826@163.com','邮件发送者地址','text',NULL,'email',0,1498639320,NULL,1498556383),(81,'EMAIL_FROMNAME','邮件发送者用户名','wanggang19910826@163.com','邮件发送者用户名','text',NULL,'email',0,1498639320,NULL,1498556431),(82,'EMAIL_SUBJECT','邮件标题','邮箱验证码','邮件标题','text',NULL,'email',0,1498639320,NULL,1498556539),(84,'EMAIL_BODY','邮件内容','您好: 你正在{$act}，验证码为{$code}，您也可以点击{$link}下面完成操作','邮件内容','textarea',NULL,'email',0,1498639320,NULL,1498619665),(85,'EMAIL_CODE_TIME','验证码有效时间','600','验证码有效期','text',NULL,'email',0,1498639320,NULL,1498619943),(86,'UPLOAD_ROOT_PATH','上传文件的根目录','public/upload','上传文件的根目录','text',NULL,'base',0,1498639320,NULL,1498619943),(87,'ENC_PATH','上传附件路径','/enclosure/','上传附件目录','text',NULL,'base',0,1498639320,NULL,1498639320),(88,'GOODS_IMG','商品图片上传路径','/goods/','商品图片上传路径','text',NULL,'base',0,1498639320,NULL,1498639320),(89,'IMG_PATH','普通图片上传路径','/image/','普通图片上传路径','text',NULL,'base',0,1498639320,NULL,1498639320),(90,'DINING_SET','餐厅信息','a:6:{s:11:\"dining_name\";s:12:\"才人餐馆\";s:5:\"phone\";s:11:\"13548875418\";s:14:\"business_hours\";s:46:\"工作日：9:00-21:00  周末：12：00-00:00\";s:7:\"address\";s:30:\"深圳市龙华区深圳北站\";s:11:\"dining_desc\";s:141:\"专业从事10多年深圳市餐饮公司经验,荤素搭配,营养全面,深圳市餐饮公司 干净卫生,量多味足,深受用户青睐!\";s:5:\"image\";s:32:\"/dining_img/image01516589174.png\";}','餐厅信息','text',NULL,'base',0,1498639320,NULL,1498639320),(91,'ABOUT_US','关于我们','<p>呵呵呵呵或或或<img src=\"/ueditor/php/upload/image/20171205/1512462606249455.png\" title=\"1512462606249455.png\" alt=\"pic-logo.png\"/><img src=\"/ueditor/php/upload/image/20171212/1513041328149707.jpg\" title=\"1513041328149707.jpg\" alt=\"04.jpg\"/></p>','关于我们','text',NULL,'base',0,1498639320,NULL,1498639320),(92,'INTEGRAL_NEED','抽奖一次消耗积分','200','抽奖一次消耗积分','text',NULL,'lotto',0,1498639320,NULL,1498639320),(93,'VALID_TIME','优惠券有效期','8','优惠券有效期','text',NULL,'lotto',0,1498639320,NULL,1498639320),(94,'DISCOUNT_ENABLE','是否允许优惠买单','N','是否允许优惠买单，Y是，N否','text',NULL,'common',0,1514170015,NULL,1498639320),(95,'DELIVERY_FEE','外卖配送费','5','外卖配送费','text',NULL,'common',0,1514170015,NULL,NULL),(96,'PACK_FEE','外卖打包费','8','外卖打包费','text',NULL,'common',0,1514170015,NULL,NULL),(97,'NEW_OFF','首单优惠','7','首单优惠','text',NULL,'common',0,1514170015,NULL,NULL),(98,'COMMENT_STAR','评论等级','a:3:{s:12:\"good_comment\";s:1:\"4\";s:11:\"mid_comment\";s:1:\"3\";s:11:\"bad_comment\";s:1:\"2\";}','评论等级','text',NULL,'common',0,1514170015,NULL,NULL),(99,'ALI_PAY','支付宝','a:8:{s:10:\"notify_url\";a:3:{s:4:\"name\";s:18:\"异步通知地址\";s:3:\"val\";s:47:\"http://cy.liesunw.com/api/pay/alipay_notify_url\";s:4:\"desc\";s:18:\"异步通知地址\";}s:6:\"app_id\";a:3:{s:4:\"name\";s:5:\"appid\";s:3:\"val\";s:16:\"2017101909390719\";s:4:\"desc\";s:20:\"绑定支付的APPID\";}s:10:\"return_url\";a:3:{s:4:\"name\";s:12:\"同步跳转\";s:3:\"val\";s:47:\"http://cy.liesunw.com/api/pay/alipay_return_url\";s:4:\"desc\";s:12:\"同步跳转\";}s:7:\"charset\";a:3:{s:4:\"name\";s:12:\"编码格式\";s:3:\"val\";s:5:\"UTF-8\";s:4:\"desc\";s:12:\"编码格式\";}s:9:\"sign_type\";a:3:{s:4:\"name\";s:12:\"签名方式\";s:3:\"val\";s:4:\"RSA2\";s:4:\"desc\";s:12:\"签名方式\";}s:10:\"gatewayUrl\";a:3:{s:4:\"name\";s:15:\"支付宝网关\";s:3:\"val\";s:37:\"https://openapi.alipay.com/gateway.do\";s:4:\"desc\";s:15:\"支付宝网关\";}s:20:\"merchant_private_key\";a:3:{s:4:\"name\";s:12:\"商户私钥\";s:3:\"val\";s:1616:\"MIIEpQIBAAKCAQEAwjnNaZvBL2DNmr+dWsW/cNzACmEvpKkuWqyOWHpwf35F92Ge 4TATm+YMO0YZLRsRyOMLnftk97cbivQsqu8c7OV4UUH03F+dbwutJ3hfjOjfqVRb 6OBHT3R2JYpDL/nvzdlhBkhiqI8Tqb4FUkJiYyMqXSSUGBK9ijKzUw2Ih9/ySABS pXEB1bHcLNgM/8ZeZdJy2iLxlmeEOcJVauLnjkssjZ3kctcSA18Rvh7iOJ0fPOzi evPYjHg9HBDRz1tH7W8aVpIjn8bBK2QxpMKnfJHD1q2M/U+/HQXu7g2xZuCBxsAz DpS1i/rBqNgOQAjGFrnDSh3JPJt0T2E17jt/3QIDAQABAoIBADV6bum+PiIKeHI8 glolCsJLtgDlo5WmE6JZ0tPf2qvwG9myommEsFGDtSh486OsyWfTxDYaq0FdxJKt CsOCFSfRQyC0lXQ8S3/w6httFHobAMKB/NCROHFTMtjBSiCio/m8+e8d7TRWOObK 8HIm3ypG23pMAQ7j0haEQUYD+uzWLNC6VBq2nET3S88wIODLW1PRPpLufKOB9RKY KJDynDSf+Pthpxhu2ZMYAax0JD+dKoo6nlW1r51dhQP0/62LdqjIIzeu7Ccnfz4j NtY1Ehr4DEPfl2JO0ErNQynHrlO5JVodCkpX2LirHD9Q2rlIDJzYiBswk9fS+dpR hTISDOECgYEA6k88APQkyscsGZMgrVxWbKL2YK0Ccz0JSRbfEX5zWF/0tWJ3q9Gf c5Q3mpAiPVXWuyo1Dkp/pd8/wUsu83V5vNyaWWdqxjEQSP302vRg2HUU3Rco0cIu aY8EHe9/So8Oq7OI7WUy7Y/Bjz0xnDfGzf+squW5FcWTaHmp0G2lv6UCgYEA1DSl qfZDeezHQ3ryNIMEaDQ0JqjSBL2Eo/f0kiXY2enbEx5YBi4xG2f3qNOl8/sAA+yC ynA1eUTq7vaMRVbX0oj+6qyWaDL6MP5XtDAbUxCX92PqqNir2/5t5D7EiXBVs3hK fUvyL/BAj6K4wo3qEcijj4lXFM8Mct56f+jeSdkCgYEAoiwVK9PPY0pXi5v5kgPH DYn9XQxiFcC5HI1n94O98fz4MlLk4VdFNYnwslnwWOOArCqabjnB/9x1FCQlavx0 NfO6IQcjL+nli5+6SZG7NhZTSnMtHYF4/jaucsnBIKnDTbQFocnZZfOJ1MpV+/ne 79V2fRJi+F63mCgdENXTUsECgYEAwDRvWOKVe3nbgmN5vdZtx3SBSALhNynxWhLc kwN0xuvqYga5898i24/v4hrR1YsjGGrAjFvWE2E46fimVKe0FB3Bxw1LrlV+B6JY Df0EwtfkzU7S3NxjzX9GSdYQbewxs7zgu1xuoL0bvP3GG3Iu8KyqePgMx+xBeknI 6tIhhQECgYEAosy+lDqWcGgtbkFfBZb4gYAKyurGynmDwrrbSxj+1eJE3un8BOTt AWjdxlQQiCgAjs9kdb91LAi7xpiTOWsX8UOaVU2AV4BxlB1v2980S9XnHchaqHRE +H8yCg7pZlYP1f1GPgTF+I/vBPuGmzwtrrpPa5rvRX1AO5BmSWHQe4c=\";s:4:\"desc\";s:42:\"商户私钥，您的原始格式RSA私钥\";}s:17:\"alipay_public_key\";a:3:{s:4:\"name\";s:15:\"支付宝公钥\";s:3:\"val\";s:392:\"MIIBIjANBgkqhkiG9w0BAQEFAAOCAQ8AMIIBCgKCAQEAzKq2V9EuXo01hgZNsK2uJAf11DHNHyD+7ekzU2Q4TUhfaFY24mVr5Fuv/DvubJEP10Nu00Nsje3NBKM/Z2dxxquAN3CkoRy7RvChW/KksyVNH7VKnp6blmqsCFh2xLv+2T3oLd1VTTj2+WxVqi+Gu8+r3nyMEUBeby3knEur/NdzNSho7l/Q2zte9oFNdgMKZlOXWFvVG5hnZURJPHJBzlI/eyjOrGaL5+WRI9XUHPMAtuSZtenj8ul7gv1VjLLeHWCcM1WirOBFgXinaPCWLLGhRSkf5N17GW51M+ZLY3TWqdkpo0oRcMt+jPeVfv9hyi/XalwLMqLMa04gMffuLQIDAQAB\";s:4:\"desc\";s:51:\"支付宝公钥,对应APPID下的支付宝公钥。\";}}','支付宝配置','text','N','pay',0,NULL,NULL,NULL),(100,'WX_PAY','微信支付','a:4:{s:6:\"app_id\";a:3:{s:4:\"name\";s:5:\"appid\";s:3:\"val\";s:18:\"wx8722a7ae2cc816a8\";s:4:\"desc\";s:20:\"绑定支付的APPID\";}s:6:\"mch_id\";a:3:{s:4:\"name\";s:9:\"商户号\";s:3:\"val\";s:10:\"1449174002\";s:4:\"desc\";s:8:\"商户id\";}s:10:\"app_secret\";a:3:{s:4:\"name\";s:6:\"secret\";s:3:\"val\";s:32:\"30eed6dee307013578a13f50795cc5e9\";s:4:\"desc\";s:18:\"公众账号secret\";}s:3:\"key\";a:3:{s:4:\"name\";s:6:\"密钥\";s:3:\"val\";s:32:\"8934e7d15453e97507ef794cf7b0519d\";s:4:\"desc\";s:18:\"商户支付密钥\";}}','微信支付配置','text','N','pay',0,NULL,NULL,NULL),(101,'ROOM_SET','包厢人数限定','a:2:{s:8:\"room_max\";s:2:\"20\";s:8:\"room_min\";s:1:\"6\";}','包厢人数限定','text',NULL,'room',0,NULL,NULL,NULL),(102,'DAY_SET','包厢最大提前预定天数','8','包厢最大提前预定天数','text',NULL,'room',0,NULL,NULL,NULL),(103,'TIME_SET','预定时间设定','a:4:{s:10:\"begin_hour\";s:1:\"1\";s:9:\"begin_min\";s:1:\"0\";s:8:\"end_hour\";s:2:\"18\";s:7:\"end_min\";s:2:\"30\";}','预定时间设定','text',NULL,'room',0,NULL,NULL,NULL);
/*!40000 ALTER TABLE `cy_config` ENABLE KEYS */;

#
# Structure for table "cy_coupon"
#

DROP TABLE IF EXISTS `cy_coupon`;
CREATE TABLE `cy_coupon` (
  `id` int(11) unsigned NOT NULL AUTO_INCREMENT,
  `money` double(10,2) DEFAULT NULL COMMENT '优惠卷金额',
  `count` int(11) unsigned NOT NULL DEFAULT '0' COMMENT '张数',
  `out_count` int(11) unsigned NOT NULL DEFAULT '0' COMMENT '已领张数',
  `out_role` int(11) DEFAULT NULL COMMENT '1按消费金额从高到低|2按消费金额从低到高|3按积分从高到低|4按积分从高到低',
  `valid_start` int(11) DEFAULT NULL COMMENT '有效期开始',
  `valid_end` int(11) DEFAULT NULL COMMENT '有效期结束',
  `create_time` int(11) DEFAULT NULL,
  `update_time` int(11) DEFAULT NULL,
  `delete_time` int(11) DEFAULT NULL,
  `odds` decimal(4,2) unsigned NOT NULL DEFAULT '0.00' COMMENT '中奖几率',
  PRIMARY KEY (`id`)
) ENGINE=MyISAM AUTO_INCREMENT=52 DEFAULT CHARSET=utf8 COMMENT='优惠卷表';

#
# Data for table "cy_coupon"
#

/*!40000 ALTER TABLE `cy_coupon` DISABLE KEYS */;
INSERT INTO `cy_coupon` VALUES (15,2.00,200,2,2,1512403200,1513008000,1512618284,1512618284,NULL,0.00),(16,3.00,300,2,1,1512403200,1513008000,1512618284,1512618284,NULL,0.00),(17,4.00,400,2,4,1512403200,1513008000,1513008000,1512618284,NULL,0.00),(18,2.00,200,2,2,1512576000,1513612800,1512618302,1512618302,NULL,0.00),(19,3.00,300,2,1,1512576000,1513612800,1512618302,1512618302,NULL,0.00),(20,4.00,400,2,4,1512576000,1513612800,1512618302,1512618302,NULL,0.00),(21,5.00,100,2,1,1512662400,1513872000,1512959481,1513827509,NULL,6.00),(22,1.00,200,2,3,1512662400,1513872000,1512959481,1513827509,NULL,6.00),(23,10.00,20,2,1,1512662400,1513872000,1512959481,1512959481,NULL,20.00),(24,12.00,300,2,1,1513699200,1514563200,1512959589,1513827509,NULL,2.00),(45,20.00,5,0,4,1513872000,1514563200,1513907465,1513907465,NULL,0.00),(46,20.00,2,0,1,1513872000,1514563200,1513907465,1513907465,NULL,0.00),(47,1.00,20,0,5,1513872000,1514044800,1513907737,1513907737,NULL,0.00),(48,2.00,20,0,5,1513872000,1514044800,1513907737,1513907737,NULL,0.00),(49,1.00,0,26,5,1513872000,1514044800,1513908287,1513908287,NULL,0.00),(50,2.00,50,26,5,1513872000,1514044800,1513908287,1513908287,NULL,0.00),(51,4.00,0,26,5,1513872000,1514131200,1513908956,1513908956,NULL,0.00);
/*!40000 ALTER TABLE `cy_coupon` ENABLE KEYS */;

#
# Structure for table "cy_coupon_get"
#

DROP TABLE IF EXISTS `cy_coupon_get`;
CREATE TABLE `cy_coupon_get` (
  `id` int(11) unsigned NOT NULL AUTO_INCREMENT,
  `coupon_id` int(11) unsigned NOT NULL DEFAULT '0' COMMENT '优惠券id',
  `member_id` int(11) unsigned NOT NULL DEFAULT '0' COMMENT '会员ID',
  `is_used` enum('N','Y') NOT NULL DEFAULT 'N' COMMENT '是否已用',
  `valid_start` int(11) unsigned NOT NULL DEFAULT '0' COMMENT '有效期开始',
  `valid_end` int(11) unsigned NOT NULL DEFAULT '0' COMMENT '有效期结束',
  `create_time` int(11) NOT NULL,
  `update_time` int(11) NOT NULL,
  PRIMARY KEY (`id`)
) ENGINE=MyISAM AUTO_INCREMENT=232 DEFAULT CHARSET=utf8 COMMENT='优惠券领取';

#
# Data for table "cy_coupon_get"
#

/*!40000 ALTER TABLE `cy_coupon_get` DISABLE KEYS */;
INSERT INTO `cy_coupon_get` VALUES (216,21,48,'N',1516066109,1516757309,1516066109,1516066109),(217,23,48,'N',1516066122,1516757322,1516066122,1516066122),(218,22,48,'N',1516066127,1516757327,1516066127,1516066127),(219,23,48,'N',1516066134,1516757334,1516066134,1516066134),(220,23,48,'N',1516066134,1516757334,1516066134,1516066134),(221,22,42,'Y',1516066134,1497578186,1516066127,1516066134),(222,48,42,'N',1516066134,1542333117,1542333117,1516066134),(223,50,42,'Y',1516066134,1516757309,1542333117,1516066134),(224,50,48,'N',1516082617,1516773817,1516082617,1516082617),(225,23,48,'N',1516153582,1516844782,1516153582,1516153582),(226,22,48,'N',1516587466,1517278666,1516587466,1516587466),(227,23,48,'N',1516587472,1517278672,1516587472,1516587472),(228,22,48,'N',1516587475,1517278675,1516587475,1516587475),(229,23,48,'N',1516587482,1517278682,1516587482,1516587482),(230,22,48,'N',1516587489,1517278689,1516587489,1516587489),(231,23,48,'N',1516587493,1517278693,1516587493,1516587493);
/*!40000 ALTER TABLE `cy_coupon_get` ENABLE KEYS */;

#
# Structure for table "cy_coupon_log"
#

DROP TABLE IF EXISTS `cy_coupon_log`;
CREATE TABLE `cy_coupon_log` (
  `id` int(11) NOT NULL AUTO_INCREMENT,
  `member_id` int(11) DEFAULT NULL COMMENT '用户id',
  `coupon_id` int(11) unsigned NOT NULL DEFAULT '0' COMMENT '优惠券ID',
  `coupon_moeny` double(10,2) DEFAULT NULL COMMENT '优惠卷金额',
  `validity_start` int(11) DEFAULT NULL COMMENT '有效期开始时间',
  `validity_end` int(11) DEFAULT NULL COMMENT '有效期结束时间',
  `create_time` int(11) DEFAULT NULL COMMENT '使用时间',
  `update_time` int(11) DEFAULT NULL,
  `delete_time` int(11) DEFAULT NULL,
  PRIMARY KEY (`id`)
) ENGINE=MyISAM AUTO_INCREMENT=12 DEFAULT CHARSET=utf8 COMMENT='优惠卷使用记录表';

#
# Data for table "cy_coupon_log"
#

/*!40000 ALTER TABLE `cy_coupon_log` DISABLE KEYS */;
INSERT INTO `cy_coupon_log` VALUES (1,9,15,2.00,1509602450,1509604550,1508801110,1509602450,NULL),(2,10,15,2.00,1509602450,1509604550,1509609990,1509602450,NULL),(3,11,15,2.00,1509602450,1509604550,1519602450,1509602450,NULL),(4,11,16,2.00,1509602450,1509604550,1509902450,1509602450,NULL),(5,11,16,2.00,1509602450,1509604550,1509662450,1509602450,NULL),(6,11,15,2.00,1509602450,1509604550,1509602450,1509602450,NULL),(7,12,16,2.00,1509602450,1509604550,1508882450,1509602450,NULL),(8,12,15,2.00,1509602450,1509604550,1500002450,1509602450,NULL),(9,11,15,2.00,1509602450,1509604550,1509602450,1509602450,NULL),(10,9,15,2.00,1509602450,1509604550,1509602450,1509602450,NULL),(11,9,15,2.00,1509602450,1509604550,1509602450,1509602450,NULL);
/*!40000 ALTER TABLE `cy_coupon_log` ENABLE KEYS */;

#
# Structure for table "cy_discount_goods"
#

DROP TABLE IF EXISTS `cy_discount_goods`;
CREATE TABLE `cy_discount_goods` (
  `id` int(11) NOT NULL AUTO_INCREMENT,
  `goods_id` int(11) DEFAULT NULL COMMENT '商品id',
  `discount` double(10,1) DEFAULT NULL COMMENT '折扣',
  `discount_price` double(10,3) DEFAULT NULL COMMENT '折扣价',
  `status` tinyint(4) DEFAULT '1' COMMENT '状态 1启用0禁用',
  `create_time` int(11) DEFAULT NULL COMMENT '创建时间',
  `delete_time` int(11) DEFAULT NULL,
  `update_time` int(11) DEFAULT NULL,
  PRIMARY KEY (`id`)
) ENGINE=MyISAM AUTO_INCREMENT=65 DEFAULT CHARSET=utf8 COMMENT='折扣商品表';

#
# Data for table "cy_discount_goods"
#

/*!40000 ALTER TABLE `cy_discount_goods` DISABLE KEYS */;
INSERT INTO `cy_discount_goods` VALUES (1,1,8.0,10.800,1,1512973314,NULL,NULL),(2,4,9.0,12.800,1,1512973304,NULL,NULL);
/*!40000 ALTER TABLE `cy_discount_goods` ENABLE KEYS */;

#
# Structure for table "cy_discounts_set"
#

DROP TABLE IF EXISTS `cy_discounts_set`;
CREATE TABLE `cy_discounts_set` (
  `id` int(11) NOT NULL AUTO_INCREMENT,
  `over_money` int(11) DEFAULT NULL COMMENT '超过金额',
  `discount_money` int(11) DEFAULT NULL COMMENT '优惠金额',
  `type` int(11) DEFAULT NULL COMMENT '0优惠买单设置1满减优惠设置',
  `create_time` int(11) DEFAULT NULL,
  `delete_time` int(11) DEFAULT NULL,
  `update_time` int(11) DEFAULT NULL,
  PRIMARY KEY (`id`)
) ENGINE=MyISAM AUTO_INCREMENT=10151 DEFAULT CHARSET=utf8 COMMENT='优惠设置表';

#
# Data for table "cy_discounts_set"
#

/*!40000 ALTER TABLE `cy_discounts_set` DISABLE KEYS */;
INSERT INTO `cy_discounts_set` VALUES (10142,100,10,1,1513041385,1513041385,1513041385),(10146,300,30,0,1514170015,NULL,1514170015),(10147,200,20,0,1514170015,NULL,1514170015),(10148,100,10,0,1514170015,NULL,1514170015),(10149,60,8,1,1514170015,NULL,1514170015),(10150,30,5,1,1514170015,NULL,1514170015);
/*!40000 ALTER TABLE `cy_discounts_set` ENABLE KEYS */;

#
# Structure for table "cy_file"
#

DROP TABLE IF EXISTS `cy_file`;
CREATE TABLE `cy_file` (
  `file_id` int(11) NOT NULL AUTO_INCREMENT,
  `file_type` varchar(255) DEFAULT NULL COMMENT '文件类型',
  `file_name` varchar(255) DEFAULT NULL COMMENT '文件路径',
  `file_size` varchar(255) DEFAULT NULL COMMENT '文件大小',
  `item_id` int(11) DEFAULT NULL COMMENT '所属表主键ID',
  `item_type` varchar(255) DEFAULT NULL COMMENT '文件所属表表名(不带前缀)',
  `create_time` int(11) DEFAULT NULL COMMENT '上传时间',
  `update_time` int(11) DEFAULT NULL COMMENT '修改时间',
  `delete_time` int(11) DEFAULT NULL COMMENT '删除时间',
  `file_path` varchar(255) DEFAULT '' COMMENT '文件路径',
  PRIMARY KEY (`file_id`)
) ENGINE=MyISAM AUTO_INCREMENT=61 DEFAULT CHARSET=utf8 COMMENT='文件表';

#
# Data for table "cy_file"
#

/*!40000 ALTER TABLE `cy_file` DISABLE KEYS */;
INSERT INTO `cy_file` VALUES (31,'png','599fc882e7d6a.png','100595',NULL,NULL,1503643778,1503643778,NULL,'public/upload/image/2017-08-25/599fc882e7d6a.png'),(32,'png','599fca27d58bd.png','100595',NULL,NULL,1503644199,1503644199,NULL,'public/upload/image/2017-08-25/599fca27d58bd.png'),(33,'png','599fca66757f2.png','100595',NULL,NULL,1503644262,1503644262,NULL,'public/upload/image/2017-08-25/599fca66757f2.png'),(34,'png','599fcab2d6ffc.png','100595',NULL,NULL,1503644338,1503644338,NULL,'public/upload/image/2017-08-25/599fcab2d6ffc.png'),(35,'png','599fcb2bd11eb.png','100595',NULL,NULL,1503644459,1503644459,NULL,'public/upload/image/2017-08-25/599fcb2bd11eb.png'),(36,'png','599fcb7d20084.png','100595',NULL,NULL,1503644541,1503644541,NULL,'public/upload/image/2017-08-25/599fcb7d20084.png'),(37,'png','599fcbce097b0.png','100595',NULL,NULL,1503644622,1503644622,NULL,'public/upload/image/2017-08-25/599fcbce097b0.png'),(38,'png','599fcc84321c3.png','100595',NULL,NULL,1503644804,1503644804,NULL,'public/upload/image/2017-08-25/599fcc84321c3.png'),(39,'png','599fccb347c38.png','100595',NULL,NULL,1503644851,1503644851,NULL,'public/upload/image/2017-08-25/599fccb347c38.png'),(40,'png','599fcd717718f.png','100595',NULL,NULL,1503645041,1503645041,NULL,'public/upload/image/2017-08-25/599fcd717718f.png'),(41,'png','599fcda801b1d.png','100595',NULL,NULL,1503645096,1503645096,NULL,'public/upload/image/2017-08-25/599fcda801b1d.png'),(42,'png','599fcdc9d3656.png','100595',NULL,NULL,1503645129,1503645129,NULL,'public/upload/image/2017-08-25/599fcdc9d3656.png'),(43,'png','599fce748286f.png','100595',NULL,NULL,1503645300,1503645300,NULL,'public/upload/image/2017-08-25/599fce748286f.png'),(44,'png','599fcf20cc777.png','100595',NULL,NULL,1503645472,1503645472,NULL,'public/upload/image/2017-08-25/599fcf20cc777.png'),(45,'png','599fcf6d47fd4.png','100595',NULL,NULL,1503645549,1503645549,NULL,'public/upload/image/2017-08-25/599fcf6d47fd4.png'),(46,'png','599fd0165a382.png','100595',NULL,NULL,1503645718,1503645718,NULL,'public/upload/image/2017-08-25/599fd0165a382.png'),(47,'png','599fd0e4e68e2.png','100595',NULL,NULL,1503645924,1503645924,NULL,'public/upload/image/2017-08-25/599fd0e4e68e2.png'),(49,'png','599fd48f28499.png','100595',NULL,NULL,1503646863,1503646863,NULL,'public/upload/image/2017-08-25/599fd48f28499.png'),(50,'jpg','599fd4902bb83.jpg','388045',NULL,NULL,1503646864,1503646864,NULL,'public/upload/image/2017-08-25/599fd4902bb83.jpg'),(53,'png','599fd6ad43638.png','100595',NULL,NULL,1503647405,1503647405,NULL,'public/upload/image/2017-08-25/599fd6ad43638.png'),(54,'png','599fd8276ad95.png','14591',NULL,NULL,1503647783,1503647783,NULL,'public/upload/image/2017-08-25/599fd8276ad95.png'),(55,'png','599feada3748a.png','100595',NULL,NULL,1503652570,1503652570,NULL,'public/upload/image/2017-08-25/599feada3748a.png'),(56,'jpg','599feaf703ed9.jpg','388045',NULL,NULL,1503652599,1503652599,NULL,'public/upload/image/2017-08-25/599feaf703ed9.jpg'),(57,'png','599feb1f90e02.png','100595',NULL,NULL,1503652639,1503652639,NULL,'public/upload/image/2017-08-25/599feb1f90e02.png'),(58,'png','599feb4b7cfb2.png','100595',NULL,NULL,1503652683,1503652683,NULL,'public/upload/image/2017-08-25/599feb4b7cfb2.png'),(59,'png','599febd18b8c5.png','100595',NULL,NULL,1503652817,1503652817,NULL,'public/upload/image/2017-08-25/599febd18b8c5.png'),(60,'png','599fec0250e72.png','100595',NULL,NULL,1503652866,1503652866,NULL,'public/upload/image/2017-08-25/599fec0250e72.png');
/*!40000 ALTER TABLE `cy_file` ENABLE KEYS */;

#
# Structure for table "cy_goods"
#

DROP TABLE IF EXISTS `cy_goods`;
CREATE TABLE `cy_goods` (
  `goods_id` int(11) NOT NULL AUTO_INCREMENT,
  `goods_sn` varchar(50) DEFAULT NULL COMMENT '商品编码',
  `goods_name` varchar(255) DEFAULT NULL COMMENT '商品名称',
  `goods_price` double(11,2) NOT NULL COMMENT '价格',
  `goods_thumb` varchar(255) DEFAULT NULL COMMENT '商品主图',
  `goods_img1` varchar(255) DEFAULT NULL COMMENT '商品图1',
  `goods_img2` varchar(255) DEFAULT NULL COMMENT '商品图2',
  `goods_img3` varchar(255) DEFAULT NULL COMMENT '商品图3',
  `goods_img4` varchar(255) DEFAULT NULL COMMENT '商品图4',
  `goods_img5` varchar(255) DEFAULT NULL COMMENT '商品图5',
  `goods_unit` varchar(30) DEFAULT NULL COMMENT '计量单位',
  `cate_id` int(11) DEFAULT NULL COMMENT '商品类型',
  `saled_num` int(11) unsigned NOT NULL DEFAULT '0' COMMENT '已售数量',
  `is_sale` tinyint(4) NOT NULL DEFAULT '1' COMMENT '是否上架 1上架|0下架',
  `is_discount` enum('N','Y') NOT NULL DEFAULT 'N' COMMENT '是否折扣：Y-是，N-否',
  `is_hot` enum('Y','N') NOT NULL DEFAULT 'N' COMMENT '是否热销：Y-是，N-否',
  `desc` text COMMENT '描述',
  `delete_time` int(11) DEFAULT NULL,
  `update_time` int(11) DEFAULT NULL,
  `create_time` int(11) DEFAULT NULL COMMENT '添加时间',
  PRIMARY KEY (`goods_id`)
) ENGINE=InnoDB AUTO_INCREMENT=10 DEFAULT CHARSET=utf8 COMMENT='商品表';

#
# Data for table "cy_goods"
#

INSERT INTO `cy_goods` VALUES (1,'98','回锅肉',12.80,'/goods/2018/01/banner_02.png','/goods/2018/01/banner_02.png','/goods/2018/01/integral_06.png','','/goods/2018/01/pic-banner.png','/goods/2017/12/29/1502863029_image0.jpeg','盘',9,21,1,'N','N','',NULL,1516182292,NULL),(3,'66','青椒鸡蛋',13.00,'/goods/2018/01/integral_06.png','/goods/2018/01/integral_06.png','','','/goods/2018/01/integral_06.png','','碗',2,24,1,'N','Y','',NULL,1516182313,NULL),(4,'55','湘西外婆菜',16.00,'/goods/2018/01/pic-banner.png','/goods/2018/01/pic-banner.png','','','','','盘',2,6,1,'Y','N',NULL,NULL,NULL,NULL),(6,'1512627770KNHzHP','农家一碗香',18.00,'/goods/2018/01/pic-diybanner.jpg','/goods/2018/01/pic-diybanner.jpg','','/goods/2018/01/pic-logo.png','','','碗',3,1,1,'N','N','好吃，香辣美味！',NULL,1512629603,1512627832),(7,'1512631395iY37tx','香辣鸡杂',15.00,'/goods/2018/01/pic-logo.png','/goods/2018/01/pic-logo.png','','','','/goods/2018/01/pic-banner.png','碗',2,2,1,'N','N','',NULL,1512634983,1512631418),(8,'1512631290R2voCv','asdf',421.00,'/goods/2018/01/pic-no.png','/goods/2018/01/pic-no.png','','','/goods/2018/01/pic-diybanner.jpg','','asdf',1,0,1,'N','N','',NULL,1513041450,1512631319),(9,'56','外婆菜',2.01,'/goods/2018/01/pic-banner.png','/goods/2018/01/pic-banner.png','','','','','盘',2,18,1,'N','Y','',NULL,NULL,NULL);

#
# Structure for table "cy_integral"
#

DROP TABLE IF EXISTS `cy_integral`;
CREATE TABLE `cy_integral` (
  `id` int(11) NOT NULL AUTO_INCREMENT,
  `member_id` int(11) DEFAULT NULL COMMENT '用户id',
  `integral` int(11) DEFAULT NULL COMMENT '积分',
  `type` int(11) DEFAULT NULL COMMENT '积分变动类型 0评论1抽奖',
  `integral_residue` int(11) DEFAULT NULL COMMENT '当前积分余额',
  `create_time` int(11) DEFAULT NULL,
  `update_time` int(11) DEFAULT NULL,
  `delete_time` int(11) DEFAULT NULL,
  PRIMARY KEY (`id`)
) ENGINE=MyISAM AUTO_INCREMENT=717 DEFAULT CHARSET=utf8 COMMENT='积分记录表';

#
# Data for table "cy_integral"
#

/*!40000 ALTER TABLE `cy_integral` DISABLE KEYS */;
INSERT INTO `cy_integral` VALUES (1,37,23,0,23,NULL,NULL,NULL),(2,37,50,0,73,NULL,NULL,NULL),(3,37,-20,1,53,NULL,NULL,NULL),(4,39,10,0,10,NULL,NULL,NULL),(5,39,-10,1,10,2017122017,NULL,NULL),(7,48,-200,1,200,1514872729,1514872729,NULL),(8,48,-200,1,400,1514873506,1514873506,NULL),(9,48,-200,1,200,1514873647,1514873647,NULL),(10,42,-200,1,200,1514885125,1514885125,NULL),(11,39,-200,1,4800,1514959757,1514959757,NULL),(12,39,-200,1,4600,1514960105,1514960105,NULL),(13,39,-200,1,4400,1514960225,1514960225,NULL),(14,39,-200,1,4200,1514960274,1514960274,NULL),(15,39,-200,1,4000,1514960331,1514960331,NULL),(16,39,-200,1,3800,1514963782,1514963782,NULL),(17,39,-200,1,3600,1514963808,1514963808,NULL),(18,39,-200,1,3400,1514964060,1514964060,NULL),(19,39,-200,1,3200,1514964131,1514964131,NULL),(20,39,-200,1,3000,1514964210,1514964210,NULL),(21,39,-200,1,2800,1514964215,1514964215,NULL),(22,39,-200,1,2600,1514964219,1514964219,NULL),(23,39,-200,1,2400,1514964223,1514964223,NULL),(24,39,-200,1,2200,1514964244,1514964244,NULL),(25,39,-200,1,2000,1514964776,1514964776,NULL),(26,39,-200,1,1800,1514964851,1514964851,NULL),(27,39,-200,1,1600,1514964927,1514964927,NULL),(28,39,-200,1,1400,1514965010,1514965010,NULL),(29,39,-200,1,1200,1514965044,1514965044,NULL),(30,39,-200,1,1000,1514965101,1514965101,NULL),(31,39,-200,1,800,1514965217,1514965217,NULL),(32,39,-200,1,600,1514965255,1514965255,NULL),(33,39,-200,1,400,1514965304,1514965304,NULL),(34,39,-200,1,200,1514965378,1514965378,NULL),(35,39,-200,1,0,1514965392,1514965392,NULL),(36,39,-200,1,9800,1514965451,1514965451,NULL),(37,39,-200,1,9600,1514965464,1514965464,NULL),(38,39,-200,1,9400,1514965473,1514965473,NULL),(39,39,-200,1,9200,1514965484,1514965484,NULL),(40,39,-200,1,9000,1514965503,1514965503,NULL),(41,39,-200,1,8800,1514965553,1514965553,NULL),(42,39,-200,1,8600,1514965620,1514965620,NULL),(43,39,-200,1,8400,1514965658,1514965658,NULL),(44,39,-200,1,8200,1514965729,1514965729,NULL),(45,39,-200,1,8000,1514965811,1514965811,NULL),(46,39,-200,1,7800,1514965826,1514965826,NULL),(47,39,-200,1,7600,1514965838,1514965838,NULL),(48,39,-200,1,7400,1514965886,1514965886,NULL),(49,39,-200,1,7200,1514965894,1514965894,NULL),(50,39,-200,1,7000,1514965904,1514965904,NULL),(51,39,-200,1,6800,1514965910,1514965910,NULL),(52,39,-200,1,6600,1514966046,1514966046,NULL),(53,39,-200,1,6400,1514966101,1514966101,NULL),(54,39,-200,1,6200,1514966110,1514966110,NULL),(55,39,-200,1,6000,1514966134,1514966134,NULL),(56,39,-200,1,5800,1514966211,1514966211,NULL),(57,39,-200,1,5600,1514966228,1514966228,NULL),(58,39,-200,1,5400,1514966258,1514966258,NULL),(59,39,-200,1,5200,1514966275,1514966275,NULL),(60,39,-200,1,5000,1514966793,1514966793,NULL),(61,48,-200,1,360,1514967422,1514967422,NULL),(62,48,-200,1,160,1514967431,1514967431,NULL),(63,39,-200,1,4800,1514968833,1514968833,NULL),(64,39,-200,1,4600,1514968879,1514968879,NULL),(65,39,-200,1,4400,1514968895,1514968895,NULL),(66,39,-200,1,4200,1514968899,1514968899,NULL),(67,39,-200,1,4000,1514968902,1514968902,NULL),(68,39,-200,1,3800,1514968904,1514968904,NULL),(69,39,-200,1,3600,1514968907,1514968907,NULL),(70,39,-200,1,3400,1514968909,1514968909,NULL),(71,39,-200,1,3200,1514968927,1514968927,NULL),(72,39,-200,1,3000,1514968931,1514968931,NULL),(73,39,-200,1,2800,1514968934,1514968934,NULL),(74,39,-200,1,2600,1514968941,1514968941,NULL),(75,39,-200,1,2400,1514968943,1514968943,NULL),(76,39,-200,1,2200,1514968946,1514968946,NULL),(77,39,-200,1,2000,1514968958,1514968958,NULL),(78,39,-200,1,1800,1514968969,1514968969,NULL),(79,39,-200,1,1600,1514968976,1514968976,NULL),(80,39,-200,1,1400,1514969080,1514969080,NULL),(81,39,-200,1,1200,1514969160,1514969160,NULL),(82,39,-200,1,1000,1514969199,1514969199,NULL),(83,39,-200,1,800,1514969240,1514969240,NULL),(84,39,-200,1,600,1514969243,1514969243,NULL),(85,39,-200,1,400,1514969246,1514969246,NULL),(86,39,-200,1,200,1514969249,1514969249,NULL),(87,39,-200,1,0,1514969252,1514969252,NULL),(88,39,-200,1,99800,1514969547,1514969547,NULL),(89,39,-200,1,99600,1514969573,1514969573,NULL),(90,39,-200,1,99400,1514969655,1514969655,NULL),(91,39,-200,1,99200,1514969774,1514969774,NULL),(92,39,-200,1,99000,1514969818,1514969818,NULL),(93,39,-200,1,98800,1514969845,1514969845,NULL),(94,39,-200,1,98600,1514969889,1514969889,NULL),(95,39,-200,1,98400,1514969990,1514969990,NULL),(96,39,-200,1,98200,1514969998,1514969998,NULL),(97,39,-200,1,98000,1514970002,1514970002,NULL),(98,39,-200,1,97800,1514970340,1514970340,NULL),(99,39,-200,1,97600,1514970445,1514970445,NULL),(100,39,-200,1,97400,1514970451,1514970451,NULL),(101,39,-200,1,97200,1514970514,1514970514,NULL),(102,39,-200,1,97000,1514970519,1514970519,NULL),(103,39,-200,1,96800,1514970523,1514970523,NULL),(104,39,-200,1,96600,1514970527,1514970527,NULL),(105,39,-200,1,96400,1514970531,1514970531,NULL),(106,39,-200,1,96200,1514970534,1514970534,NULL),(107,39,-200,1,96000,1514970538,1514970538,NULL),(108,39,-200,1,95800,1514970542,1514970542,NULL),(109,39,-200,1,95600,1514970595,1514970595,NULL),(110,39,-200,1,95400,1514970615,1514970615,NULL),(111,39,-200,1,95200,1514970781,1514970781,NULL),(112,39,-200,1,95000,1514970788,1514970788,NULL),(113,39,-200,1,94800,1514970792,1514970792,NULL),(114,39,-200,1,4800,1514970844,1514970844,NULL),(115,39,-200,1,4600,1514970848,1514970848,NULL),(116,39,-200,1,4400,1514970852,1514970852,NULL),(117,39,-200,1,4200,1514970856,1514970856,NULL),(118,39,-200,1,4000,1514970859,1514970859,NULL),(119,39,-200,1,3800,1514970866,1514970866,NULL),(120,39,-200,1,3600,1514970874,1514970874,NULL),(121,39,-200,1,3400,1514970897,1514970897,NULL),(122,39,-200,1,3200,1514970908,1514970908,NULL),(123,39,-200,1,3000,1514970914,1514970914,NULL),(124,39,-200,1,2800,1514970921,1514970921,NULL),(125,39,-200,1,2600,1514971044,1514971044,NULL),(126,39,-200,1,2400,1514971071,1514971071,NULL),(127,39,-200,1,2200,1514971075,1514971075,NULL),(128,39,-200,1,2000,1514971140,1514971140,NULL),(129,39,-200,1,1800,1514971161,1514971161,NULL),(130,39,-200,1,1600,1514971246,1514971246,NULL),(131,39,-200,1,1400,1514971285,1514971285,NULL),(132,39,-200,1,1200,1514971398,1514971398,NULL),(133,39,-200,1,1000,1514971497,1514971497,NULL),(134,39,-200,1,800,1514971555,1514971555,NULL),(135,48,-200,1,9800,1514971561,1514971561,NULL),(136,39,-200,1,600,1514971638,1514971638,NULL),(137,39,-200,1,400,1514971723,1514971723,NULL),(138,39,-200,1,200,1514971761,1514971761,NULL),(139,39,-200,1,0,1514971917,1514971917,NULL),(140,39,-200,1,49800,1514972058,1514972058,NULL),(141,39,-200,1,49600,1514972092,1514972092,NULL),(142,39,-200,1,49400,1514972096,1514972096,NULL),(143,39,-200,1,49200,1514972099,1514972099,NULL),(144,39,-200,1,49000,1514972102,1514972102,NULL),(145,39,-200,1,48800,1514972104,1514972104,NULL),(146,39,-200,1,48600,1514972109,1514972109,NULL),(147,39,-200,1,48400,1514972188,1514972188,NULL),(148,39,-200,1,48200,1514972191,1514972191,NULL),(149,39,-200,1,48000,1514972194,1514972194,NULL),(150,39,-200,1,47800,1514972199,1514972199,NULL),(151,39,-200,1,47600,1514972201,1514972201,NULL),(152,39,-200,1,47400,1514972204,1514972204,NULL),(153,39,-200,1,47200,1514972208,1514972208,NULL),(154,39,-200,1,47000,1514972211,1514972211,NULL),(155,39,-200,1,46800,1514972214,1514972214,NULL),(156,48,-200,1,9600,1514972298,1514972298,NULL),(157,48,-200,1,9400,1514972349,1514972349,NULL),(158,39,-200,1,46600,1514972435,1514972435,NULL),(159,39,-200,1,46400,1514972438,1514972438,NULL),(160,39,-200,1,46200,1514972441,1514972441,NULL),(161,39,-200,1,46000,1514972444,1514972444,NULL),(162,39,-200,1,45800,1514972447,1514972447,NULL),(163,39,-200,1,45600,1514972450,1514972450,NULL),(164,39,-200,1,45400,1514972453,1514972453,NULL),(165,39,-200,1,45200,1514972455,1514972455,NULL),(166,39,-200,1,45000,1514972458,1514972458,NULL),(167,48,-200,1,9200,1514972460,1514972460,NULL),(168,39,-200,1,44800,1514972462,1514972462,NULL),(169,39,-200,1,44600,1514972465,1514972465,NULL),(170,39,-200,1,44400,1514972468,1514972468,NULL),(171,39,-200,1,44200,1514972471,1514972471,NULL),(172,48,-200,1,9000,1514972472,1514972472,NULL),(173,39,-200,1,44000,1514972474,1514972474,NULL),(174,39,-200,1,43800,1514972477,1514972477,NULL),(175,39,-200,1,43600,1514972483,1514972483,NULL),(176,39,-200,1,43400,1514972486,1514972486,NULL),(177,39,-200,1,43200,1514972489,1514972489,NULL),(178,39,-200,1,43000,1514972492,1514972492,NULL),(179,39,-200,1,42800,1514972495,1514972495,NULL),(180,39,-200,1,42600,1514972497,1514972497,NULL),(181,39,-200,1,42400,1514972500,1514972500,NULL),(182,39,-200,1,42200,1514972503,1514972503,NULL),(183,39,-200,1,42000,1514972506,1514972506,NULL),(184,39,-200,1,41800,1514972508,1514972508,NULL),(185,39,-200,1,41600,1514972511,1514972511,NULL),(186,39,-200,1,41400,1514972514,1514972514,NULL),(187,39,-200,1,41200,1514972516,1514972516,NULL),(188,39,-200,1,41000,1514972519,1514972519,NULL),(189,39,-200,1,40800,1514972523,1514972523,NULL),(190,39,-200,1,40600,1514972526,1514972526,NULL),(191,39,-200,1,40400,1514972529,1514972529,NULL),(192,39,-200,1,40200,1514972532,1514972532,NULL),(193,39,-200,1,40000,1514972534,1514972534,NULL),(194,39,-200,1,39800,1514972537,1514972537,NULL),(195,39,-200,1,39600,1514972540,1514972540,NULL),(196,39,-200,1,39400,1514972543,1514972543,NULL),(197,39,-200,1,39200,1514972546,1514972546,NULL),(198,39,-200,1,39000,1514972549,1514972549,NULL),(199,39,-200,1,38800,1514972551,1514972551,NULL),(200,39,-200,1,38600,1514972554,1514972554,NULL),(201,39,-200,1,38400,1514972557,1514972557,NULL),(202,39,-200,1,38200,1514972560,1514972560,NULL),(203,39,-200,1,38000,1514972563,1514972563,NULL),(204,39,-200,1,37800,1514972565,1514972565,NULL),(205,39,-200,1,37600,1514972568,1514972568,NULL),(206,39,-200,1,37400,1514972571,1514972571,NULL),(207,39,-200,1,37200,1514972574,1514972574,NULL),(208,48,-200,1,8800,1514973080,1514973080,NULL),(209,48,-200,1,8600,1514973095,1514973095,NULL),(210,48,-200,1,8400,1514973134,1514973134,NULL),(211,48,-200,1,8200,1514973163,1514973163,NULL),(212,48,-200,1,8000,1514973196,1514973196,NULL),(213,48,-200,1,7800,1514973199,1514973199,NULL),(214,48,-200,1,7600,1514973235,1514973235,NULL),(215,48,-200,1,7400,1514973241,1514973241,NULL),(216,48,-200,1,7200,1514973247,1514973247,NULL),(217,48,-200,1,7000,1514973253,1514973253,NULL),(218,48,-200,1,6800,1514973385,1514973385,NULL),(219,48,-200,1,6600,1514973391,1514973391,NULL),(220,39,-200,1,37000,1514973407,1514973407,NULL),(221,39,-200,1,36800,1514973410,1514973410,NULL),(222,48,-200,1,6400,1514973412,1514973412,NULL),(223,39,-200,1,36600,1514973413,1514973413,NULL),(224,39,-200,1,36400,1514973416,1514973416,NULL),(225,39,-200,1,36200,1514973419,1514973419,NULL),(226,39,-200,1,36000,1514973422,1514973422,NULL),(227,39,-200,1,35800,1514973425,1514973425,NULL),(228,39,-200,1,35600,1514973428,1514973428,NULL),(229,39,-200,1,35400,1514973434,1514973434,NULL),(230,48,-200,1,6200,1514973435,1514973435,NULL),(231,39,-200,1,35200,1514973437,1514973437,NULL),(232,39,-200,1,35000,1514973440,1514973440,NULL),(233,39,-200,1,34800,1514973442,1514973442,NULL),(234,39,-200,1,34600,1514973446,1514973446,NULL),(235,39,-200,1,34400,1514973448,1514973448,NULL),(236,39,-200,1,34200,1514973451,1514973451,NULL),(237,39,-200,1,34000,1514973454,1514973454,NULL),(238,39,-200,1,33800,1514973457,1514973457,NULL),(239,39,-200,1,33600,1514973461,1514973461,NULL),(240,39,-200,1,33400,1514973464,1514973464,NULL),(241,39,-200,1,33200,1514973467,1514973467,NULL),(242,39,-200,1,33000,1514973469,1514973469,NULL),(243,39,-200,1,32800,1514973472,1514973472,NULL),(244,39,-200,1,32600,1514973475,1514973475,NULL),(245,39,-200,1,32400,1514973479,1514973479,NULL),(246,39,-200,1,32200,1514973481,1514973481,NULL),(247,48,-200,1,6000,1514973516,1514973516,NULL),(248,48,-200,1,5800,1514973519,1514973519,NULL),(249,48,-200,1,5600,1514973530,1514973530,NULL),(250,48,-200,1,5400,1514973549,1514973549,NULL),(251,48,-200,1,5200,1514973552,1514973552,NULL),(252,48,-200,1,5000,1514973555,1514973555,NULL),(253,48,-200,1,4800,1514973558,1514973558,NULL),(254,48,-200,1,4600,1514973562,1514973562,NULL),(255,48,-200,1,4400,1514973564,1514973564,NULL),(256,48,-200,1,4200,1514973567,1514973567,NULL),(257,39,-200,1,200,1514973573,1514973573,NULL),(258,39,-200,1,0,1514973577,1514973577,NULL),(259,48,-200,1,4000,1514973579,1514973579,NULL),(260,48,-200,1,3800,1514973655,1514973655,NULL),(261,48,-200,1,3600,1514973660,1514973660,NULL),(262,48,-200,1,3400,1514973671,1514973671,NULL),(263,48,-200,1,3200,1514973674,1514973674,NULL),(264,48,-200,1,3000,1514973679,1514973679,NULL),(265,48,-200,1,2800,1515031796,1515031796,NULL),(266,48,-200,1,2600,1515031846,1515031846,NULL),(267,48,-200,1,2400,1515033034,1515033034,NULL),(268,48,-200,1,2200,1515033072,1515033072,NULL),(269,48,-200,1,2000,1515033076,1515033076,NULL),(270,48,-200,1,1800,1515033180,1515033180,NULL),(271,48,-200,1,1600,1515033184,1515033184,NULL),(272,48,-200,1,1400,1515033187,1515033187,NULL),(273,48,-200,1,1200,1515033190,1515033190,NULL),(274,48,-200,1,1000,1515033193,1515033193,NULL),(275,48,-200,1,800,1515033217,1515033217,NULL),(276,48,-200,1,499800,1515033263,1515033263,NULL),(277,48,-200,1,499600,1515033300,1515033300,NULL),(278,48,-200,1,499400,1515033303,1515033303,NULL),(279,48,-200,1,499200,1515033307,1515033307,NULL),(280,48,-200,1,499000,1515033309,1515033309,NULL),(281,48,-200,1,498800,1515033313,1515033313,NULL),(282,48,-200,1,498600,1515033315,1515033315,NULL),(283,48,-200,1,498400,1515033318,1515033318,NULL),(284,48,-200,1,498200,1515033321,1515033321,NULL),(285,48,-200,1,498000,1515033324,1515033324,NULL),(286,48,-200,1,497800,1515033333,1515033333,NULL),(287,48,-200,1,497600,1515033341,1515033341,NULL),(288,48,-200,1,497400,1515033370,1515033370,NULL),(289,48,-200,1,497200,1515033438,1515033438,NULL),(290,48,-200,1,497000,1515033640,1515033640,NULL),(291,48,-200,1,496800,1515033685,1515033685,NULL),(292,48,-200,1,496600,1515033704,1515033704,NULL),(293,48,-200,1,496400,1515033729,1515033729,NULL),(294,48,-200,1,496200,1515033768,1515033768,NULL),(295,48,-200,1,496000,1515033780,1515033780,NULL),(296,48,-200,1,495800,1515033786,1515033786,NULL),(297,48,-200,1,495600,1515033793,1515033793,NULL),(298,48,-200,1,495400,1515033805,1515033805,NULL),(299,48,-200,1,495200,1515033813,1515033813,NULL),(300,48,-200,1,495000,1515033824,1515033824,NULL),(301,48,-200,1,494800,1515033835,1515033835,NULL),(302,48,-200,1,494600,1515033856,1515033856,NULL),(303,48,-200,1,494400,1515033883,1515033883,NULL),(304,48,-200,1,494200,1515033892,1515033892,NULL),(305,48,-200,1,494000,1515033900,1515033900,NULL),(306,48,-200,1,493800,1515033915,1515033915,NULL),(307,48,-200,1,493600,1515033943,1515033943,NULL),(308,48,-200,1,493400,1515033949,1515033949,NULL),(309,48,-200,1,493200,1515033957,1515033957,NULL),(310,48,-200,1,493000,1515033979,1515033979,NULL),(311,48,-200,1,492800,1515034005,1515034005,NULL),(312,48,-200,1,492600,1515034079,1515034079,NULL),(313,48,-200,1,492400,1515034131,1515034131,NULL),(314,48,-200,1,492200,1515035083,1515035083,NULL),(315,48,-200,1,492000,1515035408,1515035408,NULL),(316,48,-200,1,491800,1515035419,1515035419,NULL),(317,48,-200,1,491600,1515035429,1515035429,NULL),(318,48,-200,1,491400,1515035440,1515035440,NULL),(319,48,-200,1,491200,1515035451,1515035451,NULL),(320,48,-200,1,491000,1515035536,1515035536,NULL),(321,48,-200,1,490800,1515035543,1515035543,NULL),(322,48,-200,1,490600,1515035580,1515035580,NULL),(323,48,-200,1,490400,1515035587,1515035587,NULL),(324,48,-200,1,490200,1515035638,1515035638,NULL),(325,48,-200,1,490000,1515035660,1515035660,NULL),(326,48,-200,1,489800,1515035710,1515035710,NULL),(327,48,-200,1,489600,1515035722,1515035722,NULL),(328,48,-200,1,489400,1515035742,1515035742,NULL),(329,48,-200,1,489200,1515036017,1515036017,NULL),(330,48,-200,1,489000,1515036025,1515036025,NULL),(331,48,-200,1,488800,1515036033,1515036033,NULL),(332,48,-200,1,488600,1515036040,1515036040,NULL),(333,48,-200,1,488400,1515036049,1515036049,NULL),(334,48,-200,1,488200,1515036078,1515036078,NULL),(335,48,-200,1,488000,1515036106,1515036106,NULL),(336,48,-200,1,487800,1515036132,1515036132,NULL),(337,48,-200,1,487600,1515036153,1515036153,NULL),(338,48,-200,1,487400,1515036168,1515036168,NULL),(339,48,-200,1,487200,1515036202,1515036202,NULL),(340,48,-200,1,487000,1515036371,1515036371,NULL),(341,48,-200,1,486800,1515036466,1515036466,NULL),(342,48,-200,1,486600,1515036601,1515036601,NULL),(343,48,-200,1,486400,1515036618,1515036618,NULL),(344,48,-200,1,486200,1515036627,1515036627,NULL),(345,48,-200,1,486000,1515036635,1515036635,NULL),(346,48,-200,1,485800,1515036650,1515036650,NULL),(347,48,-200,1,485600,1515036660,1515036660,NULL),(348,48,-200,1,485400,1515036669,1515036669,NULL),(349,48,-200,1,485200,1515036677,1515036677,NULL),(350,48,-200,1,485000,1515036683,1515036683,NULL),(351,48,-200,1,484800,1515036690,1515036690,NULL),(352,48,-200,1,484600,1515036761,1515036761,NULL),(353,48,-200,1,484400,1515036767,1515036767,NULL),(354,48,-200,1,484200,1515036772,1515036772,NULL),(355,48,-200,1,484000,1515036778,1515036778,NULL),(356,48,-200,1,483800,1515036784,1515036784,NULL),(357,48,-200,1,483600,1515036790,1515036790,NULL),(358,48,-200,1,483400,1515036796,1515036796,NULL),(359,48,-200,1,483200,1515036871,1515036871,NULL),(360,48,-200,1,483000,1515036877,1515036877,NULL),(361,48,-200,1,482800,1515036883,1515036883,NULL),(362,48,-200,1,482600,1515036888,1515036888,NULL),(363,48,-200,1,482400,1515036894,1515036894,NULL),(364,48,-200,1,482200,1515036900,1515036900,NULL),(365,48,-200,1,482000,1515036905,1515036905,NULL),(366,48,-200,1,481800,1515036911,1515036911,NULL),(367,48,-200,1,481600,1515036916,1515036916,NULL),(368,48,-200,1,481400,1515036921,1515036921,NULL),(369,48,-200,1,481200,1515036928,1515036928,NULL),(370,48,-200,1,481000,1515037045,1515037045,NULL),(371,48,-200,1,480800,1515037052,1515037052,NULL),(372,48,-200,1,480600,1515037068,1515037068,NULL),(373,48,-200,1,480400,1515037083,1515037083,NULL),(374,48,-200,1,480200,1515037092,1515037092,NULL),(375,48,-200,1,480000,1515037098,1515037098,NULL),(376,48,-200,1,479800,1515037104,1515037104,NULL),(377,48,-200,1,479600,1515037111,1515037111,NULL),(378,48,-200,1,479400,1515037116,1515037116,NULL),(379,48,-200,1,479200,1515037140,1515037140,NULL),(380,48,-200,1,479000,1515037147,1515037147,NULL),(381,48,-200,1,478800,1515037160,1515037160,NULL),(382,48,-200,1,478600,1515037172,1515037172,NULL),(383,48,-200,1,478400,1515037178,1515037178,NULL),(384,48,-200,1,478200,1515037184,1515037184,NULL),(385,48,-200,1,478000,1515037190,1515037190,NULL),(386,48,-200,1,477800,1515037199,1515037199,NULL),(387,48,-200,1,477600,1515037236,1515037236,NULL),(388,48,-200,1,477400,1515037273,1515037273,NULL),(389,48,-200,1,477200,1515037281,1515037281,NULL),(390,48,-200,1,477000,1515037288,1515037288,NULL),(391,48,-200,1,476800,1515037299,1515037299,NULL),(392,48,-200,1,476600,1515037306,1515037306,NULL),(393,48,-200,1,476400,1515037337,1515037337,NULL),(394,48,-200,1,476200,1515037343,1515037343,NULL),(395,48,-200,1,476000,1515037349,1515037349,NULL),(396,48,-200,1,475800,1515037365,1515037365,NULL),(397,48,-200,1,475600,1515037377,1515037377,NULL),(398,48,-200,1,475400,1515037395,1515037395,NULL),(399,48,-200,1,475200,1515037408,1515037408,NULL),(400,48,-200,1,475000,1515037424,1515037424,NULL),(401,48,-200,1,474800,1515037435,1515037435,NULL),(402,48,-200,1,474600,1515037471,1515037471,NULL),(403,48,-200,1,474400,1515037488,1515037488,NULL),(404,48,-200,1,474200,1515037500,1515037500,NULL),(405,48,-200,1,474000,1515037506,1515037506,NULL),(406,48,-200,1,473800,1515037512,1515037512,NULL),(407,48,-200,1,473600,1515037517,1515037517,NULL),(408,48,-200,1,473400,1515037522,1515037522,NULL),(409,48,-200,1,473200,1515037527,1515037527,NULL),(410,48,-200,1,473000,1515037605,1515037605,NULL),(411,48,-200,1,472800,1515037608,1515037608,NULL),(412,48,-200,1,472600,1515037610,1515037610,NULL),(413,48,-200,1,472400,1515037930,1515037930,NULL),(414,48,-200,1,472200,1515037934,1515037934,NULL),(415,48,-200,1,472000,1515037937,1515037937,NULL),(416,48,-200,1,471800,1515037939,1515037939,NULL),(417,48,-200,1,471600,1515037941,1515037941,NULL),(418,48,-200,1,471400,1515037943,1515037943,NULL),(419,48,-200,1,471200,1515037964,1515037964,NULL),(420,48,-200,1,471000,1515037999,1515037999,NULL),(421,48,-200,1,470800,1515038001,1515038001,NULL),(422,48,-200,1,470600,1515038003,1515038003,NULL),(423,48,-200,1,470400,1515038005,1515038005,NULL),(424,48,-200,1,470200,1515038068,1515038068,NULL),(425,48,-200,1,470000,1515038074,1515038074,NULL),(426,48,-200,1,469800,1515038077,1515038077,NULL),(427,48,-200,1,469600,1515038079,1515038079,NULL),(428,48,-200,1,469400,1515038081,1515038081,NULL),(429,48,-200,1,469200,1515038083,1515038083,NULL),(430,48,-200,1,469000,1515038085,1515038085,NULL),(431,48,-200,1,468800,1515038319,1515038319,NULL),(432,48,-200,1,468600,1515038328,1515038328,NULL),(433,48,-200,1,468400,1515038333,1515038333,NULL),(434,48,-200,1,468200,1515038335,1515038335,NULL),(435,48,-200,1,468000,1515038399,1515038399,NULL),(436,48,-200,1,467800,1515044133,1515044133,NULL),(437,48,-200,1,467600,1515044148,1515044148,NULL),(438,48,-200,1,467400,1515044155,1515044155,NULL),(439,48,-200,1,467200,1515044161,1515044161,NULL),(440,48,-200,1,467000,1515044176,1515044176,NULL),(441,48,-200,1,466800,1515044177,1515044177,NULL),(442,48,-200,1,466600,1515044186,1515044186,NULL),(443,48,-200,1,466400,1515044202,1515044202,NULL),(444,48,-200,1,466200,1515044212,1515044212,NULL),(445,48,-200,1,466000,1515044219,1515044219,NULL),(446,48,-200,1,465800,1515044222,1515044222,NULL),(447,48,-200,1,465600,1515044788,1515044788,NULL),(448,48,-200,1,465400,1515044791,1515044791,NULL),(449,48,-200,1,465200,1515044793,1515044793,NULL),(450,48,-200,1,465000,1515044993,1515044993,NULL),(451,48,-200,1,464800,1515044996,1515044996,NULL),(452,48,-200,1,464600,1515044998,1515044998,NULL),(453,48,-200,1,464400,1515045002,1515045002,NULL),(454,48,-200,1,464200,1515045004,1515045004,NULL),(455,48,-200,1,464000,1515045006,1515045006,NULL),(456,48,-200,1,463800,1515045008,1515045008,NULL),(457,48,-200,1,463600,1515045194,1515045194,NULL),(458,48,-200,1,463400,1515045197,1515045197,NULL),(459,48,-200,1,463200,1515045272,1515045272,NULL),(460,48,-200,1,463000,1515045287,1515045287,NULL),(461,48,-200,1,462800,1515046322,1515046322,NULL),(462,48,-200,1,462600,1515046332,1515046332,NULL),(463,48,-200,1,462400,1515046526,1515046526,NULL),(464,48,-200,1,462200,1515046530,1515046530,NULL),(465,48,-200,1,462000,1515046533,1515046533,NULL),(466,48,-200,1,461800,1515046703,1515046703,NULL),(467,48,-200,1,461600,1515046738,1515046738,NULL),(468,48,-200,1,461400,1515046761,1515046761,NULL),(469,48,-200,1,461200,1515046858,1515046858,NULL),(470,48,-200,1,461000,1515046905,1515046905,NULL),(471,48,-200,1,460800,1515046916,1515046916,NULL),(472,48,-200,1,460600,1515046922,1515046922,NULL),(473,48,-200,1,460400,1515046929,1515046929,NULL),(474,48,-200,1,460200,1515046934,1515046934,NULL),(475,48,-200,1,460000,1515046941,1515046941,NULL),(476,48,-200,1,459800,1515046947,1515046947,NULL),(477,48,-200,1,459600,1515046955,1515046955,NULL),(478,48,-200,1,459400,1515046961,1515046961,NULL),(479,48,-200,1,459200,1515046974,1515046974,NULL),(480,48,-200,1,459000,1515046980,1515046980,NULL),(481,48,-200,1,458800,1515046987,1515046987,NULL),(482,48,-200,1,458600,1515047159,1515047159,NULL),(483,48,-200,1,458400,1515047168,1515047168,NULL),(484,48,-200,1,458200,1515047175,1515047175,NULL),(485,48,-200,1,458000,1515047187,1515047187,NULL),(486,48,-200,1,457800,1515047195,1515047195,NULL),(487,48,-200,1,457600,1515047205,1515047205,NULL),(488,48,-200,1,457400,1515047212,1515047212,NULL),(489,48,-200,1,457200,1515047279,1515047279,NULL),(490,48,-200,1,457000,1515047285,1515047285,NULL),(491,48,-200,1,456800,1515047291,1515047291,NULL),(492,48,-200,1,456600,1515047297,1515047297,NULL),(493,48,-200,1,456400,1515047303,1515047303,NULL),(494,48,-200,1,456200,1515047308,1515047308,NULL),(495,48,-200,1,456000,1515047318,1515047318,NULL),(496,48,-200,1,455800,1515047382,1515047382,NULL),(497,48,-200,1,455600,1515047394,1515047394,NULL),(498,48,-200,1,455400,1515047399,1515047399,NULL),(499,48,-200,1,455200,1515047405,1515047405,NULL),(500,48,-200,1,455000,1515047424,1515047424,NULL),(501,48,-200,1,454800,1515047481,1515047481,NULL),(502,48,-200,1,454600,1515047487,1515047487,NULL),(503,48,-200,1,454400,1515047493,1515047493,NULL),(504,48,-200,1,454200,1515047515,1515047515,NULL),(505,48,-200,1,454000,1515047521,1515047521,NULL),(506,48,-200,1,453800,1515047532,1515047532,NULL),(507,48,-200,1,453600,1515047537,1515047537,NULL),(508,48,-200,1,453400,1515047542,1515047542,NULL),(509,48,-200,1,453200,1515047548,1515047548,NULL),(510,48,-200,1,453000,1515047553,1515047553,NULL),(511,48,-200,1,452800,1515047559,1515047559,NULL),(512,48,-200,1,452600,1515047564,1515047564,NULL),(513,48,-200,1,452400,1515047570,1515047570,NULL),(514,48,-200,1,452200,1515047575,1515047575,NULL),(515,48,-200,1,452000,1515047748,1515047748,NULL),(516,48,-200,1,451800,1515047754,1515047754,NULL),(517,48,-200,1,451600,1515047852,1515047852,NULL),(518,48,-200,1,451400,1515047858,1515047858,NULL),(519,48,-200,1,451200,1515047864,1515047864,NULL),(520,48,-200,1,451000,1515047868,1515047868,NULL),(521,48,-200,1,450800,1515047871,1515047871,NULL),(522,48,-200,1,450600,1515047877,1515047877,NULL),(523,48,-200,1,450400,1515047883,1515047883,NULL),(524,48,-200,1,450200,1515048051,1515048051,NULL),(525,48,-200,1,450000,1515048075,1515048075,NULL),(526,48,-200,1,449800,1515048094,1515048094,NULL),(527,48,-200,1,449600,1515048102,1515048102,NULL),(528,48,-200,1,449400,1515048124,1515048124,NULL),(529,48,-200,1,449200,1515048130,1515048130,NULL),(530,48,-200,1,449000,1515048136,1515048136,NULL),(531,48,-200,1,448800,1515048164,1515048164,NULL),(532,48,-200,1,448600,1515048169,1515048169,NULL),(533,48,-200,1,448400,1515048172,1515048172,NULL),(534,48,-200,1,448200,1515048176,1515048176,NULL),(535,48,-200,1,448000,1515048179,1515048179,NULL),(536,48,-200,1,447800,1515048183,1515048183,NULL),(537,48,-200,1,447600,1515048190,1515048190,NULL),(538,48,-200,1,447400,1515048193,1515048193,NULL),(539,48,-200,1,447200,1515048194,1515048194,NULL),(540,48,-200,1,447000,1515048197,1515048197,NULL),(541,48,-200,1,446800,1515048199,1515048199,NULL),(542,48,-200,1,446600,1515048533,1515048533,NULL),(543,48,-200,1,446400,1515048539,1515048539,NULL),(544,48,-200,1,446200,1515048544,1515048544,NULL),(545,48,-200,1,446000,1515048547,1515048547,NULL),(546,48,-200,1,445800,1515048549,1515048549,NULL),(547,48,-200,1,445600,1515048587,1515048587,NULL),(548,48,-200,1,445400,1515048593,1515048593,NULL),(549,48,-200,1,445200,1515048724,1515048724,NULL),(550,48,-200,1,445000,1515048726,1515048726,NULL),(551,48,-200,1,444800,1515048729,1515048729,NULL),(552,48,-200,1,444600,1515048756,1515048756,NULL),(553,48,-200,1,444400,1515048761,1515048761,NULL),(554,48,-200,1,444200,1515048767,1515048767,NULL),(555,48,-200,1,444000,1515048772,1515048772,NULL),(556,48,-200,1,443800,1515048799,1515048799,NULL),(557,48,-200,1,443600,1515049140,1515049140,NULL),(558,48,-200,1,443400,1515049145,1515049145,NULL),(559,48,-200,1,443200,1515049148,1515049148,NULL),(560,48,-200,1,443000,1515049151,1515049151,NULL),(561,48,-200,1,442800,1515049152,1515049152,NULL),(562,48,-200,1,442600,1515049176,1515049176,NULL),(563,48,-200,1,442400,1515049179,1515049179,NULL),(564,48,-200,1,442200,1515049181,1515049181,NULL),(565,48,-200,1,442000,1515049184,1515049184,NULL),(566,48,-200,1,441800,1515049186,1515049186,NULL),(567,48,-200,1,441600,1515049216,1515049216,NULL),(568,48,-200,1,441400,1515049259,1515049259,NULL),(569,48,-200,1,441200,1515049263,1515049263,NULL),(570,48,-200,1,441000,1515049267,1515049267,NULL),(571,48,-200,1,440800,1515049267,1515049267,NULL),(572,48,-200,1,440600,1515049273,1515049273,NULL),(573,48,-200,1,440400,1515049541,1515049541,NULL),(574,48,-200,1,440200,1515049582,1515049582,NULL),(575,48,-200,1,440000,1515049644,1515049644,NULL),(576,48,-200,1,439800,1515049677,1515049677,NULL),(577,48,-200,1,439600,1515049755,1515049755,NULL),(578,48,-200,1,439400,1515049782,1515049782,NULL),(579,48,-200,1,439200,1515049788,1515049788,NULL),(580,48,-200,1,439000,1515049839,1515049839,NULL),(581,48,-200,1,438800,1515049857,1515049857,NULL),(582,48,-200,1,438600,1515050095,1515050095,NULL),(583,48,-200,1,438400,1515050115,1515050115,NULL),(584,48,-200,1,438200,1515050119,1515050119,NULL),(585,48,-200,1,438000,1515050124,1515050124,NULL),(586,48,-200,1,437800,1515050128,1515050128,NULL),(587,48,-200,1,437600,1515050133,1515050133,NULL),(588,48,-200,1,437400,1515050138,1515050138,NULL),(589,48,-200,1,437200,1515050141,1515050141,NULL),(590,48,-200,1,437000,1515050144,1515050144,NULL),(591,48,-200,1,436800,1515050147,1515050147,NULL),(592,48,-200,1,436600,1515050150,1515050150,NULL),(593,48,-200,1,436400,1515050153,1515050153,NULL),(594,48,-200,1,436200,1515050156,1515050156,NULL),(595,48,-200,1,436000,1515050159,1515050159,NULL),(596,48,-200,1,435800,1515050162,1515050162,NULL),(597,48,-200,1,435600,1515050164,1515050164,NULL),(598,48,-200,1,435400,1515050169,1515050169,NULL),(599,48,-200,1,435200,1515050171,1515050171,NULL),(600,48,-200,1,435000,1515050174,1515050174,NULL),(601,48,-200,1,434800,1515050176,1515050176,NULL),(602,48,-200,1,434600,1515050179,1515050179,NULL),(603,48,-200,1,434400,1515050182,1515050182,NULL),(604,48,-200,1,434200,1515050184,1515050184,NULL),(605,48,-200,1,434000,1515050187,1515050187,NULL),(606,48,-200,1,433800,1515050189,1515050189,NULL),(607,48,-200,1,433600,1515050192,1515050192,NULL),(608,48,-200,1,433400,1515050195,1515050195,NULL),(609,48,-200,1,433200,1515050198,1515050198,NULL),(610,48,-200,1,433000,1515050202,1515050202,NULL),(611,48,-200,1,432800,1515050205,1515050205,NULL),(612,48,-200,1,432600,1515050207,1515050207,NULL),(613,48,-200,1,432400,1515050210,1515050210,NULL),(614,48,-200,1,432200,1515050213,1515050213,NULL),(615,48,-200,1,432000,1515050216,1515050216,NULL),(616,48,-200,1,431800,1515050218,1515050218,NULL),(617,48,-200,1,431600,1515050221,1515050221,NULL),(618,48,-200,1,431400,1515050224,1515050224,NULL),(619,48,-200,1,431200,1515050227,1515050227,NULL),(620,48,-200,1,431000,1515050261,1515050261,NULL),(621,48,-200,1,430800,1515050264,1515050264,NULL),(622,48,-200,1,430600,1515050280,1515050280,NULL),(623,48,-200,1,430400,1515050320,1515050320,NULL),(624,48,-200,1,430200,1515050383,1515050383,NULL),(625,48,-200,1,430000,1515050428,1515050428,NULL),(626,48,-200,1,429800,1515050431,1515050431,NULL),(627,48,-200,1,429600,1515050433,1515050433,NULL),(628,48,-200,1,429400,1515050435,1515050435,NULL),(629,48,-200,1,429200,1515050438,1515050438,NULL),(630,48,-200,1,429000,1515050441,1515050441,NULL),(631,48,-200,1,428800,1515050459,1515050459,NULL),(632,48,-200,1,428600,1515050461,1515050461,NULL),(633,48,-200,1,428400,1515050473,1515050473,NULL),(634,48,-200,1,428200,1515050476,1515050476,NULL),(635,48,-200,1,428000,1515050483,1515050483,NULL),(636,48,-200,1,427800,1515050728,1515050728,NULL),(637,48,-200,1,427600,1515050778,1515050778,NULL),(638,48,-200,1,427400,1515050918,1515050918,NULL),(639,48,-200,1,427200,1515050930,1515050930,NULL),(640,48,-200,1,427000,1515050933,1515050933,NULL),(641,48,-200,1,426800,1515050935,1515050935,NULL),(642,48,-200,1,426600,1515050938,1515050938,NULL),(643,48,-200,1,426400,1515050940,1515050940,NULL),(644,48,-200,1,426200,1515050943,1515050943,NULL),(645,48,-200,1,426000,1515050946,1515050946,NULL),(646,48,-200,1,425800,1515050949,1515050949,NULL),(647,48,-200,1,425600,1515050951,1515050951,NULL),(648,48,-200,1,425400,1515050954,1515050954,NULL),(649,48,-200,1,425200,1515050957,1515050957,NULL),(650,48,-200,1,425000,1515050959,1515050959,NULL),(651,48,-200,1,424800,1515050963,1515050963,NULL),(652,48,-200,1,424600,1515050965,1515050965,NULL),(653,48,-200,1,424400,1515051023,1515051023,NULL),(654,48,-200,1,424200,1515051026,1515051026,NULL),(655,48,-200,1,424000,1515051029,1515051029,NULL),(656,48,-200,1,423800,1515051033,1515051033,NULL),(657,48,-200,1,423600,1515051036,1515051036,NULL),(658,48,-200,1,423400,1515051039,1515051039,NULL),(659,48,-200,1,423200,1515051041,1515051041,NULL),(660,48,-200,1,423000,1515051044,1515051044,NULL),(661,48,-200,1,422800,1515051047,1515051047,NULL),(662,48,-200,1,422600,1515051050,1515051050,NULL),(663,48,-200,1,422400,1515051052,1515051052,NULL),(664,48,-200,1,422200,1515052487,1515052487,NULL),(665,48,-200,1,422000,1515052490,1515052490,NULL),(666,48,-200,1,421800,1515052492,1515052492,NULL),(667,48,-200,1,600,1515052518,1515052518,NULL),(668,48,-200,1,400,1515052521,1515052521,NULL),(669,48,-200,1,200,1515052523,1515052523,NULL),(670,48,-200,1,0,1515052526,1515052526,NULL),(671,48,-200,1,451000,1515052687,1515052687,NULL),(672,48,-200,1,450800,1515052734,1515052734,NULL),(673,48,-200,1,450600,1515052740,1515052740,NULL),(674,48,-200,1,450400,1515052744,1515052744,NULL),(675,48,-200,1,450200,1515052747,1515052747,NULL),(676,48,-200,1,450000,1515052749,1515052749,NULL),(677,48,-200,1,449800,1515058120,1515058120,NULL),(678,48,-200,1,449600,1515058123,1515058123,NULL),(679,48,-200,1,449400,1515058126,1515058126,NULL),(680,48,-200,1,449200,1515058148,1515058148,NULL),(681,48,-200,1,449000,1515058154,1515058154,NULL),(682,48,-200,1,448800,1515058159,1515058159,NULL),(683,48,-200,1,448600,1515058163,1515058163,NULL),(684,48,-200,1,448400,1515059116,1515059116,NULL),(685,48,-200,1,448200,1515135660,1515135660,NULL),(686,48,-200,1,448000,1515135665,1515135665,NULL),(687,48,-200,1,447800,1515135668,1515135668,NULL),(688,48,-200,1,447600,1515481097,1515481097,NULL),(689,48,-200,1,447400,1516066105,1516066105,NULL),(690,48,-200,1,447200,1516066109,1516066109,NULL),(691,48,-200,1,447000,1516066111,1516066111,NULL),(692,48,-200,1,446800,1516066114,1516066114,NULL),(693,48,-200,1,446600,1516066116,1516066116,NULL),(694,48,-200,1,446400,1516066119,1516066119,NULL),(695,48,-200,1,446200,1516066122,1516066122,NULL),(696,48,-200,1,446000,1516066124,1516066124,NULL),(697,48,-200,1,445800,1516066127,1516066127,NULL),(698,48,-200,1,445600,1516066129,1516066129,NULL),(699,48,-200,1,445400,1516066132,1516066132,NULL),(700,48,-200,1,445200,1516066134,1516066134,NULL),(701,48,-200,1,445000,1516066137,1516066137,NULL),(702,48,-200,1,444800,1516082610,1516082610,NULL),(703,48,-200,1,444600,1516082614,1516082614,NULL),(704,48,-200,1,444400,1516082617,1516082617,NULL),(705,48,-200,1,444200,1516153582,1516153582,NULL),(706,48,-200,1,444000,1516159675,1516159675,NULL),(707,48,-200,1,443800,1516587461,1516587461,NULL),(708,48,-200,1,443600,1516587466,1516587466,NULL),(709,48,-200,1,443400,1516587469,1516587469,NULL),(710,48,-200,1,443200,1516587472,1516587472,NULL),(711,48,-200,1,443000,1516587475,1516587475,NULL),(712,48,-200,1,442800,1516587478,1516587478,NULL),(713,48,-200,1,442600,1516587482,1516587482,NULL),(714,48,-200,1,442400,1516587486,1516587486,NULL),(715,48,-200,1,442200,1516587489,1516587489,NULL),(716,48,-200,1,442000,1516587493,1516587493,NULL);
/*!40000 ALTER TABLE `cy_integral` ENABLE KEYS */;

#
# Structure for table "cy_log"
#

DROP TABLE IF EXISTS `cy_log`;
CREATE TABLE `cy_log` (
  `log_id` int(11) NOT NULL AUTO_INCREMENT,
  `admin_id` int(11) NOT NULL DEFAULT '0' COMMENT '操作者ID',
  `module` varchar(25) NOT NULL DEFAULT 'admin' COMMENT '模型',
  `controller` varchar(30) NOT NULL DEFAULT '' COMMENT '控制器',
  `action` varchar(30) NOT NULL DEFAULT '' COMMENT '操作',
  `data_id` varchar(255) DEFAULT NULL COMMENT '操作对象id',
  `log_type` varchar(255) DEFAULT NULL COMMENT '日志类型',
  `order_id` varchar(255) DEFAULT NULL COMMENT '订单号',
  `des` varchar(255) DEFAULT NULL COMMENT '操作描述',
  `create_time` int(11) DEFAULT NULL COMMENT '创建时间',
  `update_time` int(11) DEFAULT NULL COMMENT '更新时间',
  `delete_time` int(11) DEFAULT NULL COMMENT '删除时间',
  PRIMARY KEY (`log_id`)
) ENGINE=MyISAM AUTO_INCREMENT=961 DEFAULT CHARSET=utf8 COMMENT='操作日志表';

#
# Data for table "cy_log"
#

/*!40000 ALTER TABLE `cy_log` DISABLE KEYS */;
INSERT INTO `cy_log` VALUES (1,1,'admin','index','index','3','购物','sv12154547545',NULL,1502864330,NULL,NULL);
/*!40000 ALTER TABLE `cy_log` ENABLE KEYS */;

#
# Structure for table "cy_lotto_set"
#

DROP TABLE IF EXISTS `cy_lotto_set`;
CREATE TABLE `cy_lotto_set` (
  `id` int(11) NOT NULL AUTO_INCREMENT,
  `coupon_id` int(11) unsigned NOT NULL COMMENT '优惠卷id',
  `odds` double(10,4) DEFAULT NULL COMMENT '中奖机率',
  `update_time` int(11) DEFAULT NULL,
  `delete_time` int(11) DEFAULT NULL,
  `create_time` int(11) DEFAULT NULL,
  PRIMARY KEY (`id`)
) ENGINE=MyISAM AUTO_INCREMENT=9 DEFAULT CHARSET=utf8 COMMENT='积分抽奖设置';

#
# Data for table "cy_lotto_set"
#

/*!40000 ALTER TABLE `cy_lotto_set` DISABLE KEYS */;
INSERT INTO `cy_lotto_set` VALUES (1,23,20.0000,1513588804,NULL,1512979730),(4,21,5.0000,1513588804,NULL,1512979730),(5,21,0.1000,1512979730,NULL,1512979730),(6,22,6.0000,1513588804,NULL,1513588791),(7,21,6.0000,1513588791,1513588804,1513588791),(8,21,6.0000,1513588804,1513589024,1513588804);
/*!40000 ALTER TABLE `cy_lotto_set` ENABLE KEYS */;

#
# Structure for table "cy_member"
#

DROP TABLE IF EXISTS `cy_member`;
CREATE TABLE `cy_member` (
  `id` int(11) NOT NULL AUTO_INCREMENT,
  `user_sn` varchar(20) DEFAULT NULL COMMENT '用户编号',
  `username` varchar(255) DEFAULT NULL COMMENT '姓名',
  `password` varchar(255) DEFAULT NULL COMMENT '密码',
  `nickname` varchar(255) NOT NULL DEFAULT '--' COMMENT '昵称',
  `sex` enum('female','none','male') NOT NULL DEFAULT 'none' COMMENT '性别：none-未知，male-男，female-女',
  `user_phone` varchar(11) NOT NULL DEFAULT '' COMMENT '会员手机',
  `image` varchar(255) DEFAULT NULL COMMENT '会员头像',
  `status` tinyint(3) NOT NULL DEFAULT '2' COMMENT '状态 1：禁用 2：启用',
  `integral` int(11) DEFAULT NULL COMMENT '用户积分余额',
  `total_consumption` decimal(9,2) unsigned NOT NULL DEFAULT '0.00' COMMENT '消费总金额',
  `des` varchar(255) DEFAULT NULL COMMENT '描述',
  `create_time` int(11) DEFAULT NULL COMMENT '会员注册时间',
  `update_time` int(11) DEFAULT NULL,
  `delete_time` int(11) DEFAULT NULL,
  PRIMARY KEY (`id`)
) ENGINE=MyISAM AUTO_INCREMENT=70 DEFAULT CHARSET=utf8 COMMENT='会员表';

#
# Data for table "cy_member"
#

/*!40000 ALTER TABLE `cy_member` DISABLE KEYS */;
INSERT INTO `cy_member` VALUES (9,'der2323','vrg','1212','see','female','13588458458','headImg/2017/08/1502864330_image0.jpeg',1,12,100.00,'fvr',1509531959,1509531959,NULL),(10,'test','vrg','1212','trrt','none','13588458458','headImg/2017/08/1502864330_image0.jpeg',1,12,120.00,'fvr',1509531959,1509531959,NULL),(11,'test','vrg','1212','dfd','none','13588458888','headImg/2017/08/1502864330_image0.jpeg',1,12,130.00,'fvr',1509531959,1509531959,NULL),(12,'test','vrg','1212','ddd','none','13588458458','headImg/2017/08/1502864330_image0.jpeg',1,12,0.00,'fvr',1509531959,1509531959,NULL),(13,'test','vrg','1212','fff','none','13588458458','headImg/2017/08/1502864330_image0.jpeg',1,12,0.00,'fvr',1509531959,1509531959,NULL),(14,'test','vrg','1212','frrv','none','13588458458','headImg/2017/08/1502864330_image0.jpeg',1,12,0.00,'fvr',1509531959,1509531959,NULL),(15,'test','vrg','1212','rgrv','none','13588458458','headImg/2017/08/1502864330_image0.jpeg',1,12,0.00,'fvr',1509531959,1509531959,NULL),(16,'test','vrg','1212','vrtvr','none','13588458458','headImg/2017/08/1502864330_image0.jpeg',1,12,0.00,'fvr',1509531959,1509531959,NULL),(17,'test','vrg','1212','rvrg','none','13588458458','headImg/2017/08/1502864330_image0.jpeg',1,12,0.00,'fvr',1509531959,1509531959,NULL),(18,'test','vrg','1212','eferv','none','13588458458','headImg/2017/08/1502864330_image0.jpeg',1,12,0.00,'fvr',1509531959,1509531959,NULL),(19,'test','vrg','1212','3434','none','13588458458','headImg/2017/08/1502864330_image0.jpeg',1,12,0.00,'fvr',1509531959,1509531959,NULL),(20,'test','vrg','1212','3434','none','13588458458','headImg/2017/08/1502864330_image0.jpeg',1,12,0.00,'fvr',1509531959,1509531959,NULL),(21,'test','vrg','1212','3434','none','13588452222','headImg/2017/08/1502864330_image0.jpeg',1,12,0.00,'fvr',1509531959,1509531959,NULL),(22,'test','vrg','1212','3434','none','13588458458','headImg/2017/08/1502864330_image0.jpeg',1,12,0.00,'fvr',1509531959,1509531959,NULL),(23,'test','vrg','1212','3434','none','13588458458','headImg/2017/08/1502864330_image0.jpeg',1,9,0.00,'fvr',1509531959,1509531959,NULL),(24,'test','vrg','1212','3434','none','13588458458','headImg/2017/08/1502864330_image0.jpeg',1,8,0.00,'fvr',1509535222,1509531959,NULL),(25,'test','vrg','1212','3434','none','13588458458','headImg/2017/08/1502864330_image0.jpeg',1,7,0.00,'fvr',1509531959,1509531959,NULL),(26,'test','vrg','1212','3434','none','13588458458','headImg/2017/08/1502864330_image0.jpeg',1,6,0.00,'fvr',1509531959,1509531959,NULL),(27,'test','vrg','1212','3434','none','13588458458','headImg/2017/08/1502864330_image0.jpeg',1,5,0.00,'fvr',1509531959,1509531959,NULL),(28,'test','vrg','1212','3434','none','13588458458','headImg/2017/08/1502864330_image0.jpeg',1,4,0.00,'fvr',1509531959,1509531959,NULL),(29,'test','vrg','1212','3434','none','13588458458','headImg/2017/08/1502864330_image0.jpeg',1,3,0.00,'fvr',1509531959,1509531959,NULL),(30,'test','vrg','1212','3434','none','13588458458','headImg/2017/08/1502864330_image0.jpeg',1,2,0.00,'fvr',1509531959,1509531959,NULL),(31,'test','vrg','1212','3434','none','13588458458','headImg/2017/08/1502864330_image0.jpeg',1,1,0.00,'fvr',1509531959,1509531959,NULL),(39,'User_20171220142525_',NULL,'72053860f4548fc9f023e9d5918cbc77','紧急','male','15173178023','/user/2018/01/user_img01515655975.jpeg',2,0,0.00,NULL,1513751125,1513751125,NULL),(40,'User_20171220142522_',NULL,'123456','--','none','15173178888',NULL,2,NULL,0.00,NULL,NULL,NULL,1514428735),(41,'User_20171220142526_','vvv','324234sdfasdf','游客223344','none','15173178023',NULL,2,NULL,0.00,NULL,NULL,NULL,NULL),(42,'User_20171225100232_',NULL,'99013042d46eb71110f9f3d4e73eaafc','酷酷的李才人','male','15555527123','/wx_upload/20180122\\c6ec80ae1a39ded19516ec2be22566a6.png',2,200,0.00,NULL,1514167352,1514167352,NULL),(46,'User_20171227153358_',NULL,'72053860f4548fc9f023e9d5918cbc77','游客36729','none','15111249734',NULL,2,400,0.00,NULL,1514360038,1514360038,NULL),(48,'User_20171227154639_',NULL,'0005d4c28a49d7de8193454c4f9e4734','哈哈哈哈哈','male','13107410164','/wx_upload/20180115\\7d60969df49c1e63ac53d3ba5c620e4a.jpg',2,442000,0.00,NULL,1514360799,1514360799,NULL),(49,'User_20171227154639_',NULL,'0005d4c28a49d7de8193454c4f9e4734','游客14359','none','13107410164',NULL,2,200,0.00,NULL,1514360799,1514360799,NULL),(50,'User_20180103114134_',NULL,'99013042d46eb71110f9f3d4e73eaafc','15573285447','none','15573285447','/user/2018/01/user_img01516068675.jpeg',2,NULL,0.00,NULL,1514950894,1514950894,NULL),(68,'User_20171226115157_',NULL,'99013042d46eb71110f9f3d4e73eaafc','游客29190','none','13570081693',NULL,2,400,0.00,NULL,1514260317,1514260317,NULL),(69,'User_20180116095450_',NULL,'0005d4c28a49d7de8193454c4f9e4734','游客74635','none','15817218077',NULL,2,NULL,0.00,NULL,1516067690,1516067690,NULL);
/*!40000 ALTER TABLE `cy_member` ENABLE KEYS */;

#
# Structure for table "cy_member_address"
#

DROP TABLE IF EXISTS `cy_member_address`;
CREATE TABLE `cy_member_address` (
  `id` int(11) NOT NULL AUTO_INCREMENT,
  `member_id` int(11) DEFAULT NULL COMMENT '会员id',
  `name` varchar(50) DEFAULT NULL COMMENT '收货人',
  `mobile` varchar(12) DEFAULT NULL COMMENT '收货人手机号',
  `province` smallint(3) unsigned NOT NULL DEFAULT '0' COMMENT '省份',
  `address` varchar(255) DEFAULT NULL COMMENT '详细地址',
  `city` smallint(3) unsigned NOT NULL COMMENT '市',
  `area` smallint(4) unsigned NOT NULL COMMENT '县',
  `is_default` int(1) DEFAULT NULL COMMENT '是否默认 1默认 0非默认',
  `create_time` int(11) DEFAULT NULL COMMENT '创建时间',
  `delete_time` int(11) DEFAULT NULL,
  `update_time` int(11) DEFAULT NULL,
  PRIMARY KEY (`id`)
) ENGINE=MyISAM AUTO_INCREMENT=33 DEFAULT CHARSET=utf8 COMMENT='会员收货信息表';

#
# Data for table "cy_member_address"
#

/*!40000 ALTER TABLE `cy_member_address` DISABLE KEYS */;
INSERT INTO `cy_member_address` VALUES (2,37,'ffr','13566676567',20,'民治',234,2335,1,0,NULL,NULL),(3,37,'ffr','13566676567',20,'民治',234,2335,0,0,NULL,NULL),(4,7,'qqq','13107410164',0,'天安门',0,0,0,1514427733,NULL,1514427733),(5,37,'wwww','13107410164',0,'嘎达',0,0,0,1514427759,NULL,1514427759),(6,37,'wwww','13107410164',0,'嘎达',0,0,0,1514427768,NULL,1514427768),(7,37,'wwww','13107410164',0,'qewr',0,0,0,1514427846,NULL,1514427846),(8,37,'wwww','13107410164',0,'qewr',0,0,0,1514427888,NULL,1514427888),(9,37,'我的地址','13107410164',0,'地区地区',0,0,0,1514428150,NULL,1514428150),(23,46,'大师兄','15111249734',55,'我家住在黄土高坡',52,500,2,1515462655,NULL,1515462655),(24,48,'qqqq','13107410164',23,'qwefasdfasdf',300,2474,1,1515579133,NULL,1515579133),(26,46,'二师兄','13107410164',2,'我滴老家就住在这个屯',52,502,1,1515462655,NULL,1515462655),(27,46,'大师兄','15111249734',55,'我家住在黄土高坡',52,500,2,1515462655,NULL,1515462655),(28,46,'三师弟','13107410164',3,'那就是青藏高原',53,501,NULL,1515462655,NULL,1515462655),(30,42,'酷酷的李才人','15555527123',4,'就不告诉你',53,518,1,1516010201,NULL,1516010201),(31,42,'才人大表哥','15555527123',6,'6666',77,708,0,1516067264,NULL,1516067264),(32,42,'酷酷的李才人','15555527123',23,'就不告诉你',300,2473,0,1516354274,NULL,1516354274);
/*!40000 ALTER TABLE `cy_member_address` ENABLE KEYS */;

#
# Structure for table "cy_menu"
#

DROP TABLE IF EXISTS `cy_menu`;
CREATE TABLE `cy_menu` (
  `menu_id` int(11) NOT NULL AUTO_INCREMENT COMMENT '主键ID',
  `menu_name` varchar(255) NOT NULL DEFAULT '' COMMENT '菜单名称',
  `menu_des` varchar(255) NOT NULL DEFAULT '' COMMENT '菜单描述',
  `module` varchar(255) NOT NULL DEFAULT '' COMMENT '分组模块',
  `controller` varchar(255) NOT NULL DEFAULT '' COMMENT '控制器',
  `action` varchar(255) NOT NULL DEFAULT '' COMMENT '方法',
  `url` varchar(255) NOT NULL DEFAULT '' COMMENT '菜单链接',
  `url_type` int(1) NOT NULL DEFAULT '1' COMMENT '1-内部链接，2-外部链接',
  `status` int(1) NOT NULL DEFAULT '1' COMMENT '0-隐藏，1-显示',
  `pid` int(11) NOT NULL DEFAULT '0' COMMENT '父级ID',
  `menu_icon` varchar(255) NOT NULL DEFAULT 'columns' COMMENT 'fontAwesome图标，不带fa-前缀',
  `sort` int(3) unsigned zerofill NOT NULL DEFAULT '000' COMMENT '菜单排序',
  `create_time` int(11) NOT NULL DEFAULT '0' COMMENT '创建时间',
  `update_time` int(11) DEFAULT '0' COMMENT '修改时间',
  `delete_time` int(11) DEFAULT NULL COMMENT '删除时间',
  PRIMARY KEY (`menu_id`)
) ENGINE=MyISAM AUTO_INCREMENT=391 DEFAULT CHARSET=utf8 COMMENT='后台菜单表';

#
# Data for table "cy_menu"
#

/*!40000 ALTER TABLE `cy_menu` DISABLE KEYS */;
INSERT INTO `cy_menu` VALUES (1,'添加','','admin','menus','add','/admin/menus/add.shtml',1,0,2,'reorder',102,0,1494829675,NULL),(2,'导航菜单','','admin','menus','index','/admin/menus/index.shtml',1,1,4,'reorder',101,0,1494852545,NULL),(3,'编辑','','admin','menus','edit','/admin/menus/edit.shtml',1,0,2,'reorder',000,0,1494829619,NULL),(4,'设置','hdf','admin','admins','defaluts','/admin/admins/defaluts.shtml',1,1,0,'cogs',500,0,1498553828,NULL),(5,'角色管理','','admin','authGroups','index','/admin/auth_groups/index.shtml',1,1,4,'users',000,0,1503300146,NULL),(6,'管理员','管理员列表','admin','admins','index','/admin/admins/index.shtml',1,1,4,'user',000,0,1494404873,NULL),(7,'添加','新增管理员','admin','admins','add','/admin/admins/add.shtml',1,0,6,'user-plus',000,0,1494829689,NULL),(8,'设置用户组','设置用户组','admin','admins','setgroup','/admin/admins/setgroup.shtml',1,0,6,'wrench',000,0,1495008212,NULL),(9,'添加','新增用户组','admin','authGroups','add','/admin/auth_groups/add.shtml',1,0,6,'users',000,0,1494829733,NULL),(10,'删除','删除管理员','admin','admins','del','/admin/admins/del.shtml',1,0,6,'trash',000,0,1494829706,NULL),(11,'编辑','编辑','admin','admins','edit','/admin/admins/edit.shtml',1,0,6,'pencil-square-o',000,0,1494829662,NULL),(12,'编辑','编辑用户组','admin','authGroups','edit','/admin/auth_groups/edit.shtml',1,0,5,'pencil-square-o',000,0,1494829743,NULL),(13,'授权','用户组权限设置','admin','authGroups','setAuth','/admin/auth_groups/setauth.shtml',1,0,5,'wrench',000,0,1495073657,NULL),(14,'删除','删除用户组','admin','authGroups','del','/admin/auth_groups/del.shtml',1,0,5,'trash',000,0,1495073677,NULL),(15,'启|禁用','启用|禁用管理员','admin','admins','change_status','/admin/admins/change_status.shtml',1,0,6,'tags',000,0,1494829720,NULL),(16,'启|禁用','启用|禁用用户组','admin','authGroups','change_status','/admin/auth_groups/change_status.shtml',1,0,5,'tags',000,0,1495090239,NULL),(17,'开发者配置','','admin','menus','defaults','/admin/menus/defaults.shtml',1,1,0,'gg',400,0,1498533545,1502792992),(18,'操作日志','操作日志','admin','logs','index','/admin/logs/index.shtml',1,0,4,'hand-lizard-o',000,0,1495158037,NULL),(19,'清空','清空日志','admin','logs','delAll','/admin/logs/delall.shtml',1,0,18,'hourglass-start',000,0,1513157800,NULL),(20,'禁|启用','','admin','menus','changeStatus','/admin/menus/changestatus.shtml',1,0,2,'tags',000,0,1495193847,NULL),(21,'菜单图标','','admin','menus','fontawesome','/admin/menus/fontawesome.shtml',1,0,2,'puzzle-piece',000,0,1495193875,NULL),(22,'删除','删除菜单','admin','menus','del','/admin/menus/del.shtml',1,0,2,'trash',000,0,1495683045,NULL),(23,'清除缓存','清除缓存','admin','refresh','index','/admin/refresh/index.shtml',1,1,4,'refresh',000,0,1495857042,NULL),(24,'首页','首台首页','admin','index','main','/admin/index/main.shtml',1,1,0,'calendar-plus-o',000,0,1498465217,NULL),(238,'修改个人信息','管理员修改个人信息','admin','admins','admin_info','/admin/admins/admin_info.shtml',1,0,6,'battery-quarter',003,0,0,NULL),(270,'添加会员','添加会员','admin','customer','add_member','/admin/customer/add_member.shtml',1,0,265,'plus-square',001,0,1502864887,NULL),(333,'待处理','','Admin','Waiting','default','/Admin/waiting/default.shtml',1,1,0,'bell-o',001,0,1512523164,NULL),(334,'排号列表','','Admin','Waiting','queuingList','/Admin/waiting/queuinglist.shtml',1,1,333,'',000,0,1512353568,NULL),(335,'堂吃订单','','Admin','Waiting','eatInOrder','/Admin/waiting/eatinorder.shtml',1,1,333,'cutlery',000,0,1512367486,NULL),(336,'外卖订单','','Admin','Waiting','takeOutOrder','/Admin/waiting/takeoutorder.shtml',1,1,333,'motorcycle',000,0,1512379298,NULL),(337,'订单管理','','Admin','Order','default','/Admin/order/default.shtml',1,1,0,'file-o',002,0,1512523172,NULL),(338,'外卖订单','','Admin','Order','takeoutList','/Admin/order/takeoutlist.shtml',1,1,337,'motorcycle',000,0,1513156954,NULL),(339,'堂吃订单','','Admin','Order','eatinList','/Admin/order/eatinlist.shtml',1,1,337,'cutlery',000,0,1513156932,NULL),(340,'用户管理','','admin','member','default','/admin/member/default.shtml',1,1,0,'user',004,0,1513156798,NULL),(341,'用户列表','','admin','member','index','/admin/member/index.shtml',1,1,340,'user',000,0,1513156818,NULL),(342,'添加','','admin','member','edit','/admin/member/edit.shtml',1,0,341,'user-plus',000,0,1513156838,NULL),(343,'删除','','admin','member','del','/admin/member/del.shtml',1,0,341,'user-times',000,0,1513156853,NULL),(344,'记录查询','','admin','log','index','/admin/log/index.shtml',1,1,0,'toggle-on',005,0,1513156869,NULL),(345,'餐厅信息维护','','admin','config','dining_set','/admin/config/dining_set.shtml',1,1,355,'cc-jcb',000,0,1513157498,NULL),(346,'意见反馈','','admin','opinion','index','/admin/opinion/index.shtml',1,1,344,'commenting',000,0,1513157725,NULL),(347,'改变状态','','admin','opinion','set_status','/admin/opinion/set_status.shtml',1,0,346,'chrome',000,0,1513157741,NULL),(348,'评论记录','','admin','comment','index','/admin/comment/index.shtml',1,1,344,'fonticons',000,0,1513157710,NULL),(349,'商品管理','','Admin','goods','default','/Admin/goods/default.shtml',1,1,0,'pie-chart',003,0,1512523179,NULL),(350,'商品类型','','Admin','category','cateList','/Admin/category/cateList.shtml',1,1,349,'',000,0,1512523301,NULL),(351,'商品列表','','Admin','goods','goodsList','/Admin/goods/goodsList.shtml',1,1,349,'birthday-cake',000,0,1512637084,NULL),(352,'banner管理','','admin','banner','index','/admin/banner/index.shtml',1,1,355,'calendar-plus-o',000,0,1513157522,NULL),(353,'添加','','admin','banner','add','/admin/banner/add.shtml',1,0,352,'clone',000,0,1513157536,NULL),(354,'删除','','admin','banner','del','/admin/banner/del.shtml',1,0,352,'black-tie',000,0,1513157549,NULL),(355,'基础设置','','admin','common','set','/admin/common/set.shtml',1,1,0,'check-circle-o',000,0,1513157482,NULL),(356,'优惠券使用记录','','admin','coupon','coupon_log','/admin/coupon/coupon_log.shtml',1,1,344,'cc-jcb',000,0,1513157755,NULL),(357,'关于我们','','admin','config','about_us','/admin/config/about_us.shtml',1,1,355,'hand-lizard-o',000,0,1513157560,NULL),(358,'意见反馈类型','','admin','opinion','opinion_type','/admin/opinion/opinion_type.shtml',1,1,355,'hand-paper-o',000,0,1513157571,NULL),(359,'积分抽奖设置','','admin','integral','lotto_set','/admin/integral/lotto_set.shtml',1,1,355,'map-pin',000,0,1513157584,NULL),(360,'预定记录','','admin','reserve','index','/admin/reserve/index.shtml',1,1,344,'object-group',000,0,1513157766,NULL),(361,'设为过号','','Admin','Waiting','changeStatus','/Admin/waiting/changestatus.shtml',1,0,334,'',000,0,1512721494,NULL),(362,'批量操作接单/派送','','Admin','Waiting','batchOperation','/Admin/waiting/batchoperation.shtml',1,0,336,'',000,0,1512721719,NULL),(363,'编辑','','Admin','category','edit','/Admin/category/edit.shtml',1,0,350,'',000,0,1512721938,NULL),(364,'类型添加','','Admin','Category','add','/Admin/category/add.shtml',1,0,350,'',000,0,1512721965,NULL),(365,'编辑','','Admin','Goods','edit','/Admin/goods/edit.shtml',1,0,351,'',000,0,1512721988,NULL),(366,'添加','','Admin','Goods','add','/Admin/goods/add.shtml',1,0,351,'',000,0,1512722013,NULL),(367,'删除','','Admin','Goods','del','/Admin/goods/del.shtml',1,0,351,'',000,0,1512722050,NULL),(368,'上架下架','','Admin','Goods','changeStatus','/Admin/goods/changestatus.shtml',1,0,351,'',000,0,1512722084,NULL),(369,'批量上下架','','Admin','Goods','batchOperation','/Admin/goods/batchoperation.shtml',1,0,351,'',000,0,1512722117,NULL),(370,'删除','','Admin','Category','del','/Admin/category/del.shtml',1,0,350,'',000,0,1512722337,NULL),(371,'导出','','Goods','Goods','toExcel','/Goods/goods/toexcel.shtml',1,0,351,'',000,0,1512722383,NULL),(372,'优惠券管理','','admin','coupon','coupon_list','/admin/coupon/coupon_list.shtml',1,1,355,'calendar-times-o',000,0,1513157597,NULL),(373,'新增优惠券','','admin','coupon','coupon_add','/admin/coupon/coupon_add.shtml',1,0,372,'cc-jcb',000,0,1513157613,NULL),(374,'删除','','admin','coupon','coupon_del','/admin/coupon/coupon_del.shtml',1,0,372,'creative-commons',000,0,1513157633,NULL),(375,'普通设置','','admin','DiscountsSet','edit','/admin/discounts_set/edit.shtml',1,1,355,'amazon',000,0,1513157645,NULL),(377,'预定列表','','Admin','Waiting','scheduleList','/Admin/waiting/scheduleList.shtml',1,1,333,'calendar-minus-o',000,0,1512958875,NULL),(378,'折扣商品','','Admin','DiscountGoods','discountList','/Admin/discount_goods/discountlist.shtml',1,1,349,'bullhorn',000,0,1512971593,NULL),(379,'添加折扣','','Admin','DiscountGoods','add','/Admin/discount_goods/add.shtml',1,0,378,'plus',000,0,1513058974,NULL),(380,'编辑折扣','','Admin','DiscountGoods','edit','/Admin/discount_goods/edit.shtml',1,0,378,'paint-brush',000,0,1513058896,NULL),(381,'支付配置','','admin','config','pay_list','/admin/config/pay_list.shtml',1,1,355,'battery-quarter',000,0,1513157662,NULL),(382,'状态','','admin','config','pay_status','/admin/config/pay_status.shtml',1,0,381,'battery-half',000,0,1513157677,NULL),(383,'编辑','','admin','config','pay_edit','/admin/config/pay_edit.shtml',1,0,381,'gg',000,0,1513157692,NULL),(384,'修改密码','','admin','admins','admin_password','/admin/admins/admin_password.shtml',1,0,6,'battery-full',099,0,1513155702,NULL),(385,'修改头像','','admin','admins','admin_headimg','/admin/admins/admin_headimg.shtml',1,0,6,'cc-diners-club',045,0,1513155819,NULL),(386,'系统信息','','admin','system_msg','article_list','/admin/system_msg/article_list.shtml',1,1,355,'',000,0,1513652432,NULL),(387,'编辑/添加','','admin','system_msg','article_edit','/admin/system_msg/article_edit.shtml',1,0,386,'',000,0,1513652503,NULL),(388,'删除','','admin','system_msg','article_del','/admin/system_msg/article_del.shtml',1,0,386,'',000,0,1513652540,NULL),(389,'退款申请','','admin','order','orderCancelList','/admin/order/ordercancellist.shtml',1,1,333,'',000,0,1515380241,NULL),(390,'退款','','admin','order','orderWithdraw','/admin/order/orderwithdraw.shtml',1,0,389,'',000,0,1515380276,NULL);
/*!40000 ALTER TABLE `cy_menu` ENABLE KEYS */;

#
# Structure for table "cy_opinion"
#

DROP TABLE IF EXISTS `cy_opinion`;
CREATE TABLE `cy_opinion` (
  `id` int(11) NOT NULL AUTO_INCREMENT,
  `member_id` int(11) DEFAULT NULL COMMENT '用户id',
  `opinion_type_id` int(11) DEFAULT NULL COMMENT '反馈类型id',
  `detail` varchar(255) DEFAULT NULL COMMENT '反馈详情',
  `images` text COMMENT '意见图片',
  `status` int(1) NOT NULL DEFAULT '0' COMMENT '0待处理1不予处理2已处理',
  `create_time` int(11) unsigned NOT NULL DEFAULT '0' COMMENT '反馈时间',
  `update_time` int(11) unsigned NOT NULL DEFAULT '0' COMMENT '意见图片',
  `delete_time` int(11) DEFAULT NULL,
  PRIMARY KEY (`id`)
) ENGINE=MyISAM AUTO_INCREMENT=21 DEFAULT CHARSET=utf8 COMMENT='意见反馈记录表';

#
# Data for table "cy_opinion"
#

/*!40000 ALTER TABLE `cy_opinion` DISABLE KEYS */;
INSERT INTO `cy_opinion` VALUES (1,9,1,'defe',NULL,2,1509603709,1509603709,NULL),(2,9,1,'defe',NULL,1,1509603709,1509603709,NULL),(3,9,1,'defe',NULL,2,1509603709,1509603709,NULL),(4,9,1,'defe',NULL,1,1509603709,1509603709,NULL),(5,9,1,'defe',NULL,0,1509603709,1509603709,NULL),(6,9,1,'defe',NULL,0,1509603709,1509603709,NULL),(7,9,1,'defe',NULL,0,1509603709,1509603709,NULL),(8,9,1,'defe',NULL,0,1509603709,1509603709,NULL),(9,9,1,'defe',NULL,0,1509603709,1509603709,NULL),(10,9,1,'defe',NULL,0,1509603709,1509603709,NULL),(11,37,4,'dddd','a:2:{s:7:\"advice1\";s:38:\"/advice/2017/12/advice11513913184.jpeg\";s:7:\"advice2\";s:38:\"/advice/2017/12/advice21513913184.jpeg\";}',0,1513913184,1513913184,NULL),(12,39,1012,'请输入反馈内容...','',0,1513931176,1513931176,NULL),(13,39,1012,'请输入反馈内容...','',0,1513931334,1513931334,NULL),(14,39,1012,'请输入反馈内容...','',0,1513931457,1513931457,NULL),(15,39,1013,'sdfsaf','',0,1513931539,1513931539,NULL),(16,39,2,'斯蒂芬斯蒂芬','',0,1514538269,1514538269,NULL),(17,39,1,'郭德纲是个','',0,1514538305,1514538305,NULL),(18,39,1,'sfsfsd','',0,1515655877,1515655877,NULL),(19,48,1,'weqrsdf','a:1:{s:7:\"advice1\";a:1:{i:0;s:56:\"/wx_upload/20180115\\0a2fc4c6bad602150eb33ee850c100eb.png\";}}',0,1516005096,1516005096,NULL),(20,48,2,'fqwersadfsd','a:1:{s:7:\"advice1\";a:3:{i:0;s:56:\"/wx_upload/20180115\\d468e3788947e4bc52f7d2b1c9b8f5b2.jpg\";i:1;s:56:\"/wx_upload/20180115\\46829f578d2cabf0cd8eb61c63c46d09.png\";i:2;s:56:\"/wx_upload/20180115\\46bb08f5bc867d7ae1978db4f75b7591.png\";}}',0,1516005137,1516005137,NULL);
/*!40000 ALTER TABLE `cy_opinion` ENABLE KEYS */;

#
# Structure for table "cy_opinion_type"
#

DROP TABLE IF EXISTS `cy_opinion_type`;
CREATE TABLE `cy_opinion_type` (
  `id` int(11) NOT NULL AUTO_INCREMENT,
  `name` varchar(255) DEFAULT NULL COMMENT '反馈类型名称',
  `create_time` int(11) DEFAULT NULL,
  `update_time` int(11) DEFAULT NULL,
  `delete_time` int(11) DEFAULT NULL,
  PRIMARY KEY (`id`)
) ENGINE=MyISAM AUTO_INCREMENT=1509603710 DEFAULT CHARSET=utf8 COMMENT='意见反馈类型表';

#
# Data for table "cy_opinion_type"
#

/*!40000 ALTER TABLE `cy_opinion_type` DISABLE KEYS */;
INSERT INTO `cy_opinion_type` VALUES (1,'kkn',1513041364,1513041364,NULL),(2,'vip2',1513041364,1513041364,NULL),(4,'vip3',1513041364,1513041364,NULL),(8,'hu',1512963602,1512963602,1512962868),(1012,'vip4',1513041364,1513041364,NULL),(1013,'250',1513041364,1513041364,NULL);
/*!40000 ALTER TABLE `cy_opinion_type` ENABLE KEYS */;

#
# Structure for table "cy_order"
#

DROP TABLE IF EXISTS `cy_order`;
CREATE TABLE `cy_order` (
  `order_id` int(11) NOT NULL AUTO_INCREMENT,
  `member_id` int(11) NOT NULL COMMENT '用户id',
  `tel` varchar(20) NOT NULL DEFAULT '' COMMENT '留的电话',
  `order_sn` varchar(50) NOT NULL COMMENT '订单编号',
  `order_price` double(10,2) unsigned NOT NULL COMMENT '订单价格',
  `type` int(1) DEFAULT '0' COMMENT '订单类型：0堂吃订单|1外卖订单',
  `status` int(1) NOT NULL DEFAULT '10' COMMENT '订单状态  10未付款 11取消订单 12 退款中 13 退款成功  外卖：0待接单 1待派送 2已派送 3待评论 4已完成          堂吃：0待处理 1待评论 2已完成',
  `packaging_fee` double(10,2) DEFAULT '0.00' COMMENT '包装费',
  `delivery_fee` double(10,2) DEFAULT '0.00' COMMENT '配送费',
  `new_fee` double(10,2) DEFAULT '0.00' COMMENT '新用户立减费',
  `over_fee` double(10,2) DEFAULT '0.00' COMMENT '满减优惠',
  `coupon` double(10,2) DEFAULT '0.00' COMMENT '优惠金额',
  `coupon_get_id` int(11) unsigned NOT NULL DEFAULT '0' COMMENT '优惠券id',
  `discount` double(10,2) DEFAULT '0.00' COMMENT '折扣商品',
  `address_id` int(11) unsigned NOT NULL DEFAULT '0' COMMENT '收货地址ID',
  `pay_type` tinyint(2) unsigned NOT NULL DEFAULT '0' COMMENT '支付类型：1-支付宝，2-微信，3-财富通',
  `seat_num` varchar(30) NOT NULL DEFAULT '' COMMENT '座位号',
  `delete_time` int(11) DEFAULT NULL,
  `address` varchar(200) NOT NULL COMMENT '地址',
  `update_time` int(11) DEFAULT NULL,
  `create_time` int(11) DEFAULT NULL,
  PRIMARY KEY (`order_id`)
) ENGINE=InnoDB AUTO_INCREMENT=451 DEFAULT CHARSET=utf8 COMMENT='订单表';

#
# Data for table "cy_order"
#

INSERT INTO `cy_order` VALUES (1,1,'18344141825','201712041402358092',0.10,0,1,NULL,0.00,1.00,2.00,0.00,0,0.00,0,0,'',1514875507,'南山区白石洲上白石二坊',1512452982,1512489600),(2,8,'18344141825','201712041402351012',38.90,1,2,NULL,0.00,0.00,5.00,0.00,0,0.00,2,0,'',NULL,'南山区平山一路平山幼儿园',NULL,1512489600),(3,2,'18344141825','201712041402351501',26.80,0,1,NULL,0.00,0.00,5.00,0.00,0,0.00,0,0,'',1514875523,'',1512452982,1514432931),(4,2,'18344141825','201712041402351501',26.80,0,1,NULL,0.00,0.00,5.00,0.00,0,0.00,0,0,'',1514875786,'',1512452982,1514432931),(5,2,'18344141825','201712041402351501',26.80,0,1,NULL,0.00,0.00,5.00,0.00,0,0.00,0,0,'',1514875829,'',1512452982,1514432931),(6,2,'18344141825','201712041402351501',26.80,0,1,NULL,0.00,0.00,5.00,0.00,0,0.00,0,0,'',1514875844,'',1512452982,1514432931),(7,2,'18344141825','201712041402351501',26.80,0,2,NULL,0.00,0.00,5.00,0.00,0,0.00,0,0,'',NULL,'',1512452982,1514432931),(8,8,'18344141825','201712041402351012',38.90,1,2,NULL,0.00,0.00,5.00,0.00,0,0.00,0,0,'',NULL,'南山区平山一路平山幼儿园',NULL,1512489600),(9,1,'18344141666','201712041402359999',38.90,1,2,NULL,0.00,0.00,5.00,0.00,0,0.00,0,0,'',NULL,'南山区平山一路平山幼儿园',NULL,1512489600),(10,8,'18344141825','201712041402351666',38.90,1,2,NULL,0.00,0.00,5.00,0.00,0,0.00,0,0,'',NULL,'南山区平山一路平山幼儿园',NULL,1512489600),(11,1,'18344141825','201712041402351012',38.90,1,1,NULL,0.00,0.00,5.00,0.00,0,0.00,0,0,'',NULL,'南山区平山一路平山幼儿园',NULL,1512489600),(12,8,'18344141825','201712041402351012',38.90,1,2,NULL,0.00,0.00,5.00,0.00,0,0.00,0,0,'',NULL,'南山区平山一路平山幼儿园',NULL,1513508089),(41,37,'','Order_20171225124705',877.00,0,0,8.00,5.00,7.00,33.00,0.00,0,0.00,0,0,'',NULL,'',1514177226,1514177226),(43,37,'','Order_20171225125003',886.80,0,0,8.00,5.00,0.00,33.00,0.00,0,3.20,0,0,'',NULL,'',1514177403,1514177403),(57,2,'18344141825','201712041402351501',26.80,0,1,NULL,0.00,0.00,5.00,0.00,0,0.00,0,0,'',NULL,'',1512452982,1514432931),(58,8,'18344141825','201712041402351666',38.90,1,1,NULL,0.00,0.00,5.00,0.00,0,0.00,0,0,'',NULL,'南山区平山一路平山幼儿园',NULL,1514432931),(77,42,'','Order_20180102162949',68.20,0,1,0.00,0.00,0.00,33.00,0.00,0,2.00,0,0,'',1516094425,'',1514881789,1514881789),(78,42,'','Order_20180102163033',68.20,0,2,0.00,0.00,0.00,33.00,0.00,0,2.00,0,0,'',1516094428,'',1514881833,1514881833),(79,46,'151112469873','Order_20180102163033',68.10,1,3,0.00,0.00,0.00,33.00,0.00,0,2.00,26,0,'',1515999066,'',1514881833,1514881833),(80,46,'15336485826','Order_20180102163033',68.20,1,11,0.00,0.00,0.00,33.00,0.00,0,2.00,23,0,'',NULL,'',1514881833,1514881833),(81,46,'13173109648','Order_20180102163033',68.30,1,4,0.00,0.00,0.00,33.00,0.00,0,2.00,26,0,'',NULL,'锦华大厦518',1514881833,1514881833),(82,46,'','Order_20180102163033',68.40,1,4,0.00,0.00,0.00,33.00,0.00,0,2.00,23,0,'',NULL,'旺旺中路',1514881833,1514881833),(83,46,'','Order_20180102163033',68.50,1,3,0.00,0.00,0.00,33.00,0.00,0,2.00,28,0,'',NULL,'望城',1514881833,1514881833),(84,46,'','Order_20180102163033',68.60,1,1,0.00,0.00,0.00,33.00,0.00,0,2.00,26,0,'',NULL,'长沙',1514881833,1514881833),(85,46,'','Order_20180102163033',68.70,1,0,0.00,0.00,0.00,33.00,0.00,0,2.00,23,0,'',NULL,'娄底',1514881833,1514881833),(86,46,'','Order_20180102163033',68.80,1,1,0.00,0.00,0.00,33.00,0.00,0,2.00,28,0,'',NULL,'大浪街道羊台新村',1514881833,1514881833),(87,46,'','Order_20180102163033',68.90,1,3,0.00,0.00,0.00,33.00,0.00,0,2.00,26,0,'',NULL,'湖南',1514881833,1514881833),(88,46,'','Order_20180102163033',68.00,1,2,0.00,0.00,0.00,33.00,0.00,0,2.00,23,0,'',NULL,'龙胜地铁站',1514881833,1514881833),(94,46,'','Order_20180102162931',68.26,1,3,0.00,0.00,0.00,33.00,0.00,0,2.00,28,0,'',NULL,'锦华实验小学',1514881771,1514881771),(95,46,'','Order_20180102162931',68.27,1,4,0.00,0.00,0.00,33.00,0.00,0,2.00,26,0,'',1515998898,'华富市场',1514881771,1514881771),(96,46,'','Order_20180102162931',68.28,0,1,0.00,0.00,0.00,33.00,0.00,0,2.00,23,0,'',NULL,'清湖地铁站',1514881771,1514881771),(97,46,'','Order_20180102162931',68.29,0,2,0.00,0.00,0.00,33.00,0.00,0,2.00,28,0,'',NULL,'陶吓村',1514881771,1514881771),(98,46,'','Order_20180102162931',68.30,0,2,0.00,0.00,0.00,33.00,0.00,0,2.00,23,0,'',1515998810,'羊台山',1514881771,1514881771),(99,49,'','Order_20180102163033',68.20,1,3,0.00,0.00,0.00,33.00,0.00,0,2.00,0,0,'',NULL,'',1514881833,1514881833),(100,49,'','Order_20180102163033',68.20,1,2,0.00,0.00,0.00,33.00,0.00,0,2.00,0,0,'',NULL,'',1514881833,1514881833),(101,49,'','Order_20180102163033',68.20,1,2,0.00,0.00,0.00,33.00,0.00,0,2.00,0,0,'',NULL,'',1514881833,1514881833),(102,49,'','Order_20180102163033',68.20,1,2,0.00,0.00,0.00,33.00,0.00,0,2.00,0,0,'',NULL,'',1514881833,1514881833),(103,49,'','Order_20180102163033',68.20,1,2,0.00,0.00,0.00,33.00,0.00,0,2.00,0,0,'',NULL,'',1514881833,1514881833),(104,49,'','Order_20180102163033',0.01,1,2,0.00,0.00,0.00,33.00,0.00,0,2.00,0,0,'',NULL,'',1514881833,1514881833),(105,49,'','Order_20180102161112',0.01,1,0,0.00,0.00,0.00,33.00,0.00,0,2.00,0,0,'',NULL,'',1514881833,1514881833),(106,42,'','Order_20180102173922',0.01,0,0,0.00,0.00,0.00,33.00,0.00,210,2.00,0,0,'',1516094429,'',1514885961,1514885961),(107,42,'','Order_20180104166102',0.01,0,10,0.00,0.00,0.00,33.00,0.00,0,2.00,15,0,'',NULL,'',1515048062,1515048062),(108,42,'','Order_20180104172488',0.01,0,0,0.00,0.00,0.00,33.00,0.00,0,2.00,15,1,'',1516094423,'',1515057857,1515057857),(109,42,'','Order_20180104172422',68.20,0,10,0.00,0.00,0.00,33.00,0.00,0,2.00,0,0,'',NULL,'',1515057862,1515057862),(110,42,'','Order_20180888888888',0.01,0,13,0.00,0.00,0.00,33.00,0.00,0,2.00,0,1,'',NULL,'',1515120633,1515120633),(111,48,'','Order_20180109093425',0.01,0,13,0.00,0.00,7.00,NULL,0.00,0,0.00,0,1,'',NULL,'',1515461665,1515461665),(112,48,'','Order_20180109093501',0.01,0,13,0.00,0.00,0.00,NULL,0.00,0,0.00,0,1,'',NULL,'',1515461701,1515461701),(113,48,'','Order_20180109093829',0.01,0,13,0.00,0.00,0.00,NULL,0.00,0,0.00,0,1,'',NULL,'',1515461909,1515461909),(114,48,'','Order_20180109094325',0.01,0,13,0.00,0.00,0.00,NULL,0.00,0,0.00,0,1,'',NULL,'',1515462205,1515462205),(115,48,'','Order_20180109094912',0.00,0,10,0.00,0.00,0.00,NULL,0.00,0,0.00,0,0,'',NULL,'',1515462552,1515462552),(116,48,'','Order_20180109094920',0.00,0,10,0.00,0.00,0.00,NULL,0.00,0,0.00,0,0,'',NULL,'',1515462560,1515462560),(117,48,'','Order_20180109094956',0.00,0,10,0.00,0.00,0.00,NULL,0.00,0,0.00,0,0,'',NULL,'',1515462596,1515462596),(118,48,'','Order_20180109095034',0.00,0,10,0.00,0.00,0.00,NULL,0.00,0,0.00,0,0,'',NULL,'',1515462634,1515462634),(119,48,'','Order_20180109095232',0.00,0,10,0.00,0.00,0.00,NULL,0.00,0,0.00,0,0,'',NULL,'',1515462752,1515462752),(120,48,'','Order_20180109095335',0.00,0,10,0.00,0.00,0.00,NULL,0.00,0,0.00,0,0,'',NULL,'',1515462815,1515462815),(121,48,'','Order_20180109095958',0.00,0,10,0.00,0.00,0.00,NULL,0.00,0,0.00,0,0,'',NULL,'',1515463198,1515463198),(122,48,'','Order_20180109100122',0.00,0,10,0.00,0.00,0.00,NULL,0.00,0,0.00,0,0,'',NULL,'',1515463282,1515463282),(123,48,'','Order_20180109100131',0.00,0,10,0.00,0.00,0.00,NULL,0.00,0,0.00,0,0,'',NULL,'',1515463291,1515463291),(124,48,'','Order_20180109100221',0.00,0,10,0.00,0.00,0.00,NULL,0.00,0,0.00,0,0,'',NULL,'',1515463341,1515463341),(125,48,'','Order_20180109100735',0.00,0,10,0.00,0.00,0.00,NULL,0.00,0,0.00,0,0,'',NULL,'',1515463655,1515463655),(126,48,'','Order_20180109100759',0.00,0,10,0.00,0.00,0.00,NULL,0.00,0,0.00,0,0,'',NULL,'',1515463679,1515463679),(127,48,'','Order_20180109100829',0.00,0,10,0.00,0.00,0.00,NULL,0.00,0,0.00,0,0,'',NULL,'',1515463709,1515463709),(128,48,'','Order_20180109100953',0.00,0,10,0.00,0.00,0.00,NULL,0.00,0,0.00,0,0,'',NULL,'',1515463793,1515463793),(129,48,'','Order_20180109101235',0.00,0,10,0.00,0.00,0.00,NULL,0.00,0,0.00,0,0,'',NULL,'',1515463955,1515463955),(130,48,'','Order_20180109101305',51.40,0,10,0.00,0.00,0.00,33.00,0.00,0,2.00,0,0,'',NULL,'',1515463985,1515463985),(131,48,'','Order_20180109101744',0.00,0,10,0.00,0.00,0.00,NULL,0.00,0,0.00,0,0,'',NULL,'',1515464264,1515464264),(132,48,'','Order_20180109101745',0.00,0,10,0.00,0.00,0.00,NULL,0.00,0,0.00,0,0,'',NULL,'',1515464265,1515464265),(133,48,'','Order_20180109101747',0.00,0,10,0.00,0.00,0.00,NULL,0.00,0,0.00,0,0,'',NULL,'',1515464267,1515464267),(134,48,'','Order_20180109101816',0.00,0,10,0.00,0.00,0.00,NULL,0.00,0,0.00,0,0,'',NULL,'',1515464296,1515464296),(174,37,'','O20180109155334',90.00,0,10,0.00,0.00,0.00,0.00,0.00,0,0.00,0,0,'',NULL,'',1515484414,1515484414),(175,37,'','O20180109160729',90.00,0,10,0.00,0.00,0.00,0.00,0.00,0,0.00,0,0,'',NULL,'',1515485249,1515485249),(177,42,'','Order_20180109165138',16.00,0,10,0.00,0.00,0.00,0.00,0.00,0,0.00,0,0,'',NULL,'',1515487898,1515487898),(181,68,'','Order_20180109171818',43.60,0,10,0.00,0.00,7.00,5.00,0.00,0,2.00,0,0,'',NULL,'',1515489498,1515489498),(182,68,'','Order_20180109172420',50.60,0,10,0.00,0.00,0.00,5.00,0.00,0,2.00,0,0,'',NULL,'',1515489860,1515489860),(183,42,'','Order_20180109172947',47.40,0,10,0.00,0.00,0.00,5.00,0.00,0,2.00,0,0,'',NULL,'',1515490187,1515490187),(184,42,'','Order_20180109173237',48.60,0,10,0.00,0.00,0.00,5.00,0.00,0,2.00,0,0,'',NULL,'',1515490357,1515490357),(185,42,'','Order_20180109174059',16.00,0,10,0.00,0.00,0.00,0.00,0.00,0,0.00,0,0,'',NULL,'',1515490859,1515490859),(186,48,'','Order_20180109180146',128.00,0,10,0.00,0.00,0.00,8.00,0.00,0,0.00,0,0,'',NULL,'',1515492106,1515492106),(187,48,'','Order_20180109180240',128.00,0,10,0.00,0.00,0.00,8.00,0.00,0,0.00,0,0,'',NULL,'',1515492160,1515492160),(188,48,'','Order_20180109180527',128.00,0,10,0.00,0.00,0.00,8.00,0.00,0,0.00,0,0,'',NULL,'',1515492327,1515492327),(189,48,'','Order_20180109180708',183.60,0,10,0.00,0.00,0.00,8.00,0.00,0,5.20,0,0,'',NULL,'',1515492428,1515492428),(190,48,'','Order_20180110094710',89.20,0,10,0.00,0.00,0.00,8.00,0.00,0,5.20,0,0,'',NULL,'',1515548830,1515548830),(191,48,'','Order_20180110094826',16.00,0,10,0.00,0.00,0.00,0.00,0.00,0,0.00,0,0,'',NULL,'',1515548906,1515548906),(192,48,'','Order_20180110094924',16.00,0,10,0.00,0.00,0.00,0.00,0.00,0,0.00,0,0,'',NULL,'',1515548964,1515548964),(193,48,'','Order_20180110095221',214.80,0,10,0.00,0.00,0.00,8.00,0.00,0,5.20,0,0,'',NULL,'',1515549141,1515549141),(194,48,'','Order_20180110095309',214.80,0,10,0.00,0.00,0.00,8.00,0.00,0,5.20,0,0,'',NULL,'',1515549189,1515549189),(195,48,'','Order_20180110095320',214.80,0,10,0.00,0.00,0.00,8.00,0.00,0,5.20,0,0,'',NULL,'',1515549200,1515549200),(196,48,'','Order_20180110095501',214.80,0,10,0.00,0.00,0.00,8.00,0.00,0,5.20,0,0,'',NULL,'',1515549301,1515549301),(197,48,'','Order_20180110095537',92.80,0,10,0.00,0.00,0.00,8.00,0.00,0,2.00,0,0,'',NULL,'',1515549337,1515549337),(198,48,'','Order_20180110100839',23.60,0,10,0.00,0.00,0.00,0.00,0.00,0,2.00,0,0,'',NULL,'',1515550119,1515550119),(199,42,'','Order_20180110102826',26.80,0,10,0.00,0.00,0.00,0.00,0.00,0,2.00,0,0,'',NULL,'',1515551306,1515551306),(200,42,'','Order_20180110103100',39.60,0,10,0.00,0.00,0.00,0.00,0.00,0,5.20,0,0,'',NULL,'',1515551460,1515551460),(201,68,'','Order_20180110153736',63.40,0,10,0.00,0.00,0.00,5.00,0.00,0,2.00,0,0,'',NULL,'',1515569856,1515569856),(202,68,'','Order_20180110161226',63.40,0,10,0.00,0.00,0.00,5.00,0.00,0,2.00,0,0,'',NULL,'',1515571946,1515571946),(203,48,'','Order_20180110165615',105.20,0,10,0.00,0.00,0.00,8.00,0.00,0,2.00,0,0,'',NULL,'',1515574575,1515574575),(204,48,'','Order_20180110165644',105.20,0,10,0.00,0.00,0.00,8.00,0.00,0,2.00,0,0,'',NULL,'',1515574604,1515574604),(205,48,'','Order_20180110165650',105.20,0,10,0.00,0.00,0.00,8.00,0.00,0,2.00,0,0,'',NULL,'',1515574610,1515574610),(206,48,'','Order_20180110165651',105.20,0,10,0.00,0.00,0.00,8.00,0.00,0,2.00,0,0,'',NULL,'',1515574611,1515574611),(207,48,'','Order_20180110165656',105.20,0,10,0.00,0.00,0.00,8.00,0.00,0,2.00,0,0,'',NULL,'',1515574616,1515574616),(208,48,'','Order_20180110170544',43.00,0,10,0.00,0.00,0.00,5.00,0.00,0,0.00,0,0,'',NULL,'',1515575144,1515575144),(209,48,'','Order_20180110170938',43.00,0,10,0.00,0.00,0.00,5.00,0.00,0,0.00,0,0,'',NULL,'',1515575378,1515575378),(210,48,'','Order_20180110171029',43.00,0,10,0.00,0.00,0.00,5.00,0.00,0,0.00,0,0,'',NULL,'',1515575429,1515575429),(211,48,'','Order_20180110171450',43.00,0,10,0.00,0.00,0.00,5.00,0.00,0,0.00,0,0,'',NULL,'',1515575690,1515575690),(212,48,'','Order_20180110171521',43.00,0,10,0.00,0.00,0.00,5.00,0.00,0,0.00,0,0,'',NULL,'',1515575721,1515575721),(213,48,'','Order_20180110171611',43.00,0,10,0.00,0.00,0.00,5.00,0.00,0,0.00,0,0,'',NULL,'',1515575771,1515575771),(214,48,'','Order_20180110171720',56.00,0,10,0.00,0.00,0.00,8.00,0.00,0,0.00,0,0,'',NULL,'',1515575840,1515575840),(215,48,'','Order_20180110172032',43.00,0,10,0.00,0.00,0.00,5.00,0.00,0,0.00,0,0,'',NULL,'',1515576032,1515576032),(216,48,'','Order_20180110172037',43.00,0,10,0.00,0.00,0.00,5.00,0.00,0,0.00,0,0,'',NULL,'',1515576037,1515576037),(217,48,'','Order_20180110172319',43.00,0,10,0.00,0.00,0.00,5.00,0.00,0,0.00,0,0,'',NULL,'',1515576199,1515576199),(218,48,'','Order_20180110172651',27.00,0,10,0.00,0.00,0.00,5.00,0.00,0,0.00,0,0,'',NULL,'',1515576411,1515576411),(219,48,'','Order_20180110172748',56.00,0,10,0.00,0.00,0.00,8.00,0.00,0,0.00,0,0,'',NULL,'',1515576468,1515576468),(220,48,'','Order_20180110172844',43.00,0,10,0.00,0.00,0.00,5.00,0.00,0,0.00,0,0,'',NULL,'',1515576524,1515576524),(221,48,'','Order_20180110172941',43.00,0,10,0.00,0.00,0.00,5.00,0.00,0,0.00,0,0,'',NULL,'',1515576581,1515576581),(222,48,'','Order_20180110173058',43.00,0,10,0.00,0.00,0.00,5.00,0.00,0,0.00,0,0,'',NULL,'',1515576658,1515576658),(223,48,'','Order_20180110173135',56.00,0,10,0.00,0.00,0.00,8.00,0.00,0,0.00,0,0,'',NULL,'',1515576695,1515576695),(224,48,'','Order_20180110173321',56.00,0,10,0.00,0.00,0.00,8.00,0.00,0,0.00,0,0,'',NULL,'',1515576801,1515576801),(225,48,'','Order_20180110173347',56.00,0,10,0.00,0.00,0.00,8.00,0.00,0,0.00,0,0,'',NULL,'',1515576827,1515576827),(226,48,'','Order_20180110173403',56.00,0,10,0.00,0.00,0.00,8.00,0.00,0,0.00,0,0,'',NULL,'',1515576843,1515576843),(227,48,'','Order_20180110173815',43.00,0,10,0.00,0.00,0.00,5.00,0.00,0,0.00,0,0,'',NULL,'',1515577095,1515577095),(228,48,'','Order_20180110174652',43.00,0,10,0.00,0.00,0.00,5.00,0.00,0,0.00,0,0,'',NULL,'',1515577612,1515577612),(229,48,'','Order_20180110174656',76.40,0,10,0.00,0.00,0.00,8.00,0.00,0,2.00,0,0,'',NULL,'',1515577616,1515577616),(230,48,'','Order_20180110174734',72.00,0,10,0.00,0.00,0.00,8.00,0.00,0,0.00,0,0,'',NULL,'',1515577654,1515577654),(231,48,'','Order_20180110174741',121.20,0,10,0.00,0.00,0.00,8.00,0.00,0,2.00,0,0,'',NULL,'',1515577661,1515577661),(232,48,'','Order_20180110174741',121.20,0,10,0.00,0.00,0.00,8.00,0.00,0,2.00,0,0,'',NULL,'',1515577661,1515577661),(233,48,'','Order_20180110174753',56.00,0,10,0.00,0.00,0.00,8.00,0.00,0,0.00,0,0,'',NULL,'',1515577673,1515577673),(234,48,'','Order_20180110174759',56.00,0,10,0.00,0.00,0.00,8.00,0.00,0,0.00,0,0,'',NULL,'',1515577679,1515577679),(235,48,'','Order_20180110174803',105.20,0,10,0.00,0.00,0.00,8.00,0.00,0,2.00,0,0,'',NULL,'',1515577683,1515577683),(236,48,'','Order_20180110174806',105.20,0,10,0.00,0.00,0.00,8.00,0.00,0,2.00,0,0,'',NULL,'',1515577686,1515577686),(237,48,'','Order_20180110174812',105.20,0,10,0.00,0.00,0.00,8.00,0.00,0,2.00,0,0,'',NULL,'',1515577692,1515577692),(238,48,'','Order_20180110174846',105.20,0,10,0.00,0.00,0.00,8.00,0.00,0,2.00,0,0,'',NULL,'',1515577726,1515577726),(239,48,'','Order_20180110174851',105.20,0,10,0.00,0.00,0.00,8.00,0.00,0,2.00,0,0,'',NULL,'',1515577731,1515577731),(240,48,'','Order_20180110174916',105.20,0,10,0.00,0.00,0.00,8.00,0.00,0,2.00,0,0,'',NULL,'',1515577756,1515577756),(241,48,'','Order_20180110174927',10.80,0,10,0.00,0.00,0.00,0.00,0.00,0,2.00,0,0,'',NULL,'',1515577767,1515577767),(242,48,'','Order_20180110174930',10.80,0,10,0.00,0.00,0.00,0.00,0.00,0,2.00,0,0,'',NULL,'',1515577770,1515577770),(243,48,'','Order_20180110174949',10.80,0,10,0.00,0.00,0.00,0.00,0.00,0,2.00,0,0,'',NULL,'',1515577789,1515577789),(244,48,'','Order_20180110175247',10.80,0,10,0.00,0.00,0.00,0.00,0.00,0,2.00,0,0,'',NULL,'',1515577967,1515577967),(245,48,'','Order_20180110175340',10.80,0,10,0.00,0.00,0.00,0.00,0.00,0,2.00,0,0,'',NULL,'',1515578020,1515578020),(246,48,'','Order_20180110175423',10.80,0,10,0.00,0.00,0.00,0.00,0.00,0,2.00,0,0,'',NULL,'',1515578063,1515578063),(247,48,'','Order_20180110175455',10.80,0,10,0.00,0.00,0.00,0.00,0.00,0,2.00,0,0,'',NULL,'',1515578095,1515578095),(248,48,'','Order_20180110181138',56.00,0,10,0.00,0.00,0.00,8.00,0.00,0,0.00,0,0,'',NULL,'',1515579098,1515579098),(249,49,'','Order_20180110181405',43.00,0,10,0.00,0.00,0.00,5.00,0.00,0,0.00,0,0,'',NULL,'',1515579245,1515579245),(250,48,'','Order_20180110181645',56.00,0,10,0.00,0.00,0.00,8.00,0.00,0,0.00,0,0,'',NULL,'',1515579405,1515579405),(251,48,'','Order_20180110181743',27.00,0,10,0.00,0.00,0.00,5.00,0.00,0,0.00,0,0,'',NULL,'',1515579463,1515579463),(252,48,'','Order_20180111093414',43.00,0,10,0.00,0.00,0.00,5.00,0.00,0,0.00,0,0,'',NULL,'',1515634454,1515634454),(253,48,'','Order_20180111095413',69.00,0,10,8.00,5.00,0.00,8.00,0.00,0,0.00,0,0,'',NULL,'',1515635653,1515635653),(254,48,'','Order_20180111095652',56.00,0,10,8.00,5.00,0.00,5.00,0.00,0,0.00,0,0,'',NULL,'',1515635812,1515635812),(255,48,'','Order_20180111100816',40.00,0,10,8.00,5.00,0.00,5.00,0.00,0,0.00,0,0,'',NULL,'',1515636496,1515636496),(256,48,'','Order_20180111100850',56.00,0,10,8.00,5.00,0.00,5.00,0.00,0,0.00,0,0,'',NULL,'',1515636530,1515636530),(257,48,'','Order_20180111103112',72.00,0,10,0.00,0.00,0.00,8.00,0.00,0,0.00,0,0,'',NULL,'',1515637872,1515637872),(258,48,'','Order_20180111103232',72.00,0,10,0.00,0.00,0.00,8.00,0.00,0,0.00,23,0,'0',NULL,'',1515637952,1515637952),(259,48,'','Order_20180111105023',56.00,0,10,0.00,0.00,0.00,8.00,0.00,0,0.00,23,0,'',NULL,'',1515639023,1515639023),(260,48,'','Order_20180111105044',56.00,0,10,0.00,0.00,0.00,8.00,0.00,0,0.00,23,0,'',NULL,'',1515639044,1515639044),(261,48,'','Order_20180111114847',56.00,1,2,0.00,0.00,0.00,8.00,0.00,0,0.00,23,0,'',NULL,'',1515642527,1515642527),(262,48,'','Order_20180111114937',56.00,0,10,0.00,0.00,0.00,8.00,0.00,0,0.00,23,0,'',NULL,'',1515642577,1515642577),(263,48,'','Order_20180111115033',56.00,0,10,0.00,0.00,0.00,8.00,0.00,0,0.00,23,0,'0',NULL,'',1515642633,1515642633),(264,48,'','Order_20180111115057',72.00,0,2,0.00,0.00,0.00,8.00,0.00,0,0.00,23,0,'0',NULL,'',1515642657,1515642657),(265,48,'','Order_20180111115117',72.00,0,2,0.00,0.00,0.00,8.00,0.00,0,0.00,23,0,'0',NULL,'',1515642677,1515642677),(266,48,'','Order_20180111115157',72.00,0,2,0.00,0.00,0.00,8.00,0.00,0,0.00,23,0,'0',NULL,'',1515642717,1515642717),(267,48,'','Order_20180111115301',56.00,0,2,0.00,0.00,0.00,8.00,0.00,0,0.00,23,0,'0',NULL,'',1515642781,1515642781),(268,48,'','Order_20180111115326',72.00,0,2,0.00,0.00,0.00,8.00,0.00,0,0.00,23,0,'0',NULL,'',1515642806,1515642806),(269,48,'','Order_20180111115448',67.00,0,10,0.00,0.00,0.00,8.00,0.00,0,0.00,23,0,'0',NULL,'',1515642888,1515642888),(270,48,'','Order_20180111162159',43.00,0,10,0.00,0.00,0.00,5.00,0.00,0,0.00,23,0,'0',NULL,'',1515658919,1515658919),(271,48,'','Order_20180111170204',43.00,0,10,0.00,0.00,0.00,5.00,0.00,0,0.00,0,0,'',NULL,'',1515661324,1515661324),(272,48,'','Order_20180112102245',16.00,0,10,0.00,0.00,0.00,0.00,0.00,0,0.00,0,0,'',NULL,'',1515723765,1515723765),(273,48,'','Order_20180112102249',16.00,0,10,0.00,0.00,0.00,0.00,0.00,0,0.00,0,0,'',NULL,'',1515723769,1515723769),(274,48,'','Order_20180112102308',16.00,0,10,0.00,0.00,0.00,0.00,0.00,0,0.00,0,0,'',NULL,'',1515723788,1515723788),(275,48,'','Order_20180112102452',16.00,0,10,0.00,0.00,0.00,0.00,0.00,0,0.00,0,0,'',NULL,'',1515723892,1515723892),(276,48,'','Order_20180112104523',16.00,0,10,0.00,0.00,0.00,0.00,0.00,0,0.00,23,0,'0',NULL,'',1515725123,1515725123),(277,48,'','Order_20180112104634',16.00,0,10,0.00,0.00,0.00,0.00,0.00,0,0.00,0,0,'',NULL,'',1515725194,1515725194),(278,48,'','Order_20180112104836',16.00,0,10,0.00,0.00,0.00,0.00,0.00,0,0.00,0,0,'',NULL,'',1515725316,1515725316),(279,48,'','Order_20180112105752',16.00,0,10,0.00,0.00,0.00,0.00,0.00,0,0.00,0,0,'',NULL,'',1515725872,1515725872),(280,48,'','Order_20180112110003',27.00,0,10,0.00,0.00,0.00,5.00,0.00,0,0.00,0,0,'',NULL,'',1515726003,1515726003),(281,48,'','Order_20180112110109',27.00,0,10,0.00,0.00,0.00,5.00,0.00,0,0.00,0,0,'',NULL,'',1515726069,1515726069),(282,48,'','Order_20180112111317',16.00,0,10,0.00,0.00,0.00,0.00,0.00,0,0.00,0,0,'',NULL,'',1515726797,1515726797),(283,48,'','Order_20180112111517',16.00,0,10,0.00,0.00,0.00,0.00,0.00,0,0.00,0,0,'',NULL,'',1515726917,1515726917),(284,48,'','Order_20180112111536',16.00,0,10,0.00,0.00,0.00,0.00,0.00,0,0.00,0,0,'',NULL,'',1515726936,1515726936),(285,48,'','Order_20180112111558',16.00,0,10,0.00,0.00,0.00,0.00,0.00,0,0.00,0,0,'',NULL,'',1515726958,1515726958),(286,48,'','Order_20180112111607',16.00,0,10,0.00,0.00,0.00,0.00,0.00,0,0.00,0,0,'',NULL,'',1515726967,1515726967),(287,48,'','Order_20180112112103',16.00,0,10,0.00,0.00,0.00,0.00,0.00,0,0.00,0,0,'',NULL,'',1515727263,1515727263),(288,48,'','Order_20180112112136',16.00,1,4,0.00,0.00,0.00,0.00,0.00,0,0.00,0,0,'',NULL,'',1515727296,1515727296),(305,42,'','Order_20180115172442',2.01,0,10,0.00,0.00,0.00,0.00,0.00,0,0.00,29,0,'',NULL,'',1516008282,1516008282),(306,42,'','Order_20180115173130',38.60,0,10,8.00,5.00,0.00,0.00,0.00,0,0.00,0,0,'',NULL,'',1516008690,1516008690),(307,42,'','Order_20180116091416',2.01,0,10,0.00,0.00,0.00,0.00,0.00,0,0.00,0,0,'',NULL,'',1516065256,1516065256),(308,42,'','Order_20180116091432',2.01,0,10,0.00,0.00,0.00,0.00,0.00,0,0.00,0,0,'',NULL,'',1516065272,1516065272),(309,42,'','Order_20180116094755',2.01,0,10,0.00,0.00,0.00,0.00,0.00,0,0.00,0,0,'',NULL,'',1516067275,1516067275),(310,42,'','Order_20180116103957',0.01,0,10,0.00,0.00,0.00,0.00,0.01,0,0.00,0,0,'0.01',NULL,'',1516072177,1516070397),(311,42,'','Order_20180116111227',0.01,0,10,0.00,0.00,0.00,0.00,0.01,0,0.00,0,0,'0.01',NULL,'',1516072352,1516072347),(312,42,'','Order_20180116111254',0.01,0,10,0.00,0.00,0.00,0.00,0.01,0,0.00,0,0,'0.01',NULL,'',1516072375,1516072374),(313,42,'','Order_20180116111451',0.01,0,10,0.00,0.00,0.00,0.00,0.01,0,0.00,0,0,'0.01',NULL,'',1516072492,1516072491),(314,42,'','Order_20180116113508',0.01,0,0,0.00,0.00,0.00,0.00,0.01,0,0.00,31,1,'0.01',NULL,'',1516074127,1516073708),(315,42,'','Order_20180116141226',0.01,0,0,0.00,0.00,0.00,0.00,0.01,0,0.00,31,1,'',NULL,'',1516083222,1516083146),(316,42,'','Order_20180116141554',0.01,0,0,0.00,0.00,0.00,0.00,2.00,222,0.00,31,1,'0',NULL,'',1516083824,1516083354),(317,42,'','Order_20180116143951',0.01,0,0,0.00,0.00,0.00,0.00,2.00,222,0.00,30,1,'0',NULL,'',1516085412,1516084791),(318,42,'','Order_20180116145143',2.01,0,10,0.00,0.00,0.00,0.00,0.00,0,0.00,0,0,'',NULL,'',1516085503,1516085503),(319,42,'','Order_20180116145223',2.01,0,10,0.00,0.00,0.00,0.00,0.00,0,0.00,0,0,'',NULL,'',1516085543,1516085543),(320,42,'','Order_20180116145314',15.01,0,10,8.00,5.00,0.00,0.00,0.00,0,0.00,0,0,'',NULL,'',1516085594,1516085594),(321,42,'','Order_20180116145330',15.01,0,10,8.00,5.00,0.00,0.00,0.00,0,0.00,0,0,'',NULL,'',1516085610,1516085610),(322,42,'','Order_20180116145404',15.01,0,10,8.00,5.00,0.00,0.00,0.00,0,0.00,0,0,'',NULL,'',1516085644,1516085644),(323,42,'','Order_20180116145416',2.01,0,10,0.00,0.00,0.00,0.00,0.00,0,0.00,0,0,'',NULL,'',1516085656,1516085656),(324,42,'','Order_20180116145902',15.01,0,10,8.00,5.00,0.00,0.00,0.00,0,0.00,0,0,'',NULL,'',1516085942,1516085942),(325,42,'','Order_20180116145928',2.01,0,10,0.00,0.00,0.00,0.00,0.00,0,0.00,0,0,'',NULL,'',1516085968,1516085968),(326,42,'','Order_20180116150034',0.01,0,0,8.00,5.00,0.00,0.00,0.00,0,0.00,31,1,'0',NULL,'',1516086301,1516086034),(327,42,'','Order_20180116150712',38.80,0,10,8.00,5.00,0.00,0.00,0.00,0,0.00,0,0,'',NULL,'',1516086432,1516086432),(328,42,'','Order_20180116150741',38.80,0,10,8.00,5.00,0.00,0.00,0.00,0,0.00,0,0,'',NULL,'',1516086461,1516086461),(329,42,'','Order_20180116151403',42.00,0,10,8.00,5.00,0.00,0.00,0.00,0,0.00,0,0,'',NULL,'',1516086843,1516086843),(330,42,'','Order_20180116151408',42.00,0,10,8.00,5.00,0.00,0.00,0.00,0,0.00,0,0,'',NULL,'',1516086848,1516086848),(331,42,'','Order_20180116151506',42.00,0,10,8.00,5.00,0.00,0.00,0.00,0,0.00,30,0,'',NULL,'',1516086906,1516086906),(332,42,'','Order_20180116152359',29.00,0,1,8.00,5.00,0.00,0.00,0.00,0,0.00,0,0,'',1516091256,'',1516087439,1516087439),(333,42,'','Order_20180116152510',0.01,0,0,8.00,5.00,0.00,0.00,0.00,0,0.00,31,1,'0',NULL,'',1516087627,1516087510),(334,42,'','Order_20180116160323',15.01,0,10,8.00,5.00,0.00,0.00,0.00,0,0.00,0,0,'',NULL,'',1516089803,1516089803),(335,42,'','Order_20180116160404',31.83,0,10,8.00,5.00,0.00,0.00,0.00,0,0.00,0,0,'',NULL,'',1516089844,1516089844),(336,42,'','Order_20180116161336',31.83,0,10,8.00,5.00,0.00,0.00,0.00,0,0.00,0,0,'',NULL,'',1516090416,1516090416),(337,42,'','Order_20180116161501',31.83,0,10,8.00,5.00,0.00,0.00,0.00,0,0.00,0,0,'',NULL,'',1516090501,1516090501),(366,42,'','Order_20180116164719',0.01,1,10,8.00,5.00,0.00,5.00,0.00,0,0.00,0,0,'',NULL,'',1516092439,1516092439),(367,48,'','Order_20180116164810',13.00,0,10,0.00,0.00,0.00,0.00,0.00,0,0.00,0,0,'',NULL,'',1516092490,1516092490),(368,42,'','Order_20180116164820',0.01,1,0,8.00,5.00,0.00,5.00,0.00,0,0.00,31,1,'0',NULL,'',1516092508,1516092500),(369,48,'','Order_20180116164958',26.00,0,10,0.00,0.00,0.00,0.00,0.00,0,0.00,0,0,'',NULL,'',1516092598,1516092598),(370,48,'','Order_20180116165059',13.00,0,10,0.00,0.00,0.00,0.00,0.00,0,0.00,0,0,'',NULL,'',1516092659,1516092659),(371,48,'','Order_20180116165147',34.00,0,10,0.00,0.00,0.00,5.00,0.00,0,0.00,0,0,'',NULL,'',1516092707,1516092707),(372,48,'','Order_20180116165322',34.00,0,10,0.00,0.00,0.00,5.00,0.00,0,0.00,0,0,'',NULL,'',1516092802,1516092802),(373,48,'','Order_20180116165403',26.00,0,10,0.00,0.00,0.00,0.00,0.00,0,0.00,0,0,'',NULL,'',1516092843,1516092843),(374,48,'','Order_20180116165550',13.00,0,10,0.00,0.00,0.00,0.00,0.00,0,0.00,0,0,'',NULL,'',1516092950,1516092950),(375,48,'','Order_20180116165629',13.00,0,10,0.00,0.00,0.00,0.00,0.00,0,0.00,0,0,'',NULL,'',1516092989,1516092989),(376,48,'','Order_20180116165736',13.00,0,10,0.00,0.00,0.00,0.00,0.00,0,0.00,0,0,'',NULL,'',1516093056,1516093056),(377,48,'','Order_20180116170219',34.00,0,10,0.00,0.00,0.00,5.00,0.00,0,0.00,0,0,'',NULL,'',1516093339,1516093339),(378,48,'','Order_20180116170248',13.00,0,10,0.00,0.00,0.00,0.00,0.00,0,0.00,0,0,'',NULL,'',1516093368,1516093368),(379,48,'','Order_20180116170339',13.00,0,10,0.00,0.00,0.00,0.00,0.00,0,0.00,0,0,'',NULL,'',1516093419,1516093419),(380,48,'','Order_20180116170400',13.00,0,10,0.00,0.00,0.00,0.00,0.00,0,0.00,0,0,'',NULL,'',1516093440,1516093440),(381,48,'','Order_20180116170423',26.00,0,10,0.00,0.00,0.00,0.00,0.00,0,0.00,0,0,'',NULL,'',1516093463,1516093463),(382,48,'','Order_20180116170426',26.00,0,10,0.00,0.00,0.00,0.00,0.00,0,0.00,0,0,'',NULL,'',1516093466,1516093466),(383,42,'','Order_20180116172747',38.60,1,10,8.00,5.00,0.00,0.00,0.00,0,0.00,0,0,'',NULL,'',1516094867,1516094867),(384,42,'','Order_20180116173152',41.00,1,10,8.00,5.00,0.00,5.00,0.00,0,0.00,30,0,'',NULL,'',1516095112,1516095112),(385,42,'','Order_20180116173230',41.00,1,10,8.00,5.00,0.00,5.00,0.00,0,0.00,30,0,'0',NULL,'',1516095160,1516095150),(386,42,'','Order_20180116173302',41.00,1,10,8.00,5.00,0.00,5.00,0.00,0,0.00,0,0,'',NULL,'',1516095182,1516095182),(387,42,'','Order_20180116173304',41.00,1,10,8.00,5.00,0.00,5.00,0.00,0,0.00,0,0,'',NULL,'',1516095184,1516095184),(388,42,'','Order_20180116173410',38.60,1,10,8.00,5.00,0.00,0.00,0.00,0,0.00,0,0,'',NULL,'',1516095250,1516095250),(389,42,'','Order_20180116174655',0.01,0,0,0.00,0.00,0.00,5.00,1.00,221,0.00,0,1,'NaN',NULL,'',1516096035,1516096015),(390,48,'','Order_20180116181045',47.00,1,10,8.00,5.00,0.00,5.00,0.00,0,0.00,0,0,'',NULL,'',1516097445,1516097445),(391,48,'','Order_20180117093042',13.00,0,10,0.00,0.00,0.00,0.00,0.00,0,0.00,24,0,'0',NULL,'',1516152646,1516152642),(392,48,'','Order_20180117093100',26.00,0,10,0.00,0.00,0.00,0.00,0.00,0,0.00,0,0,'',NULL,'',1516152660,1516152660),(393,48,'','Order_20180117135101',8.04,0,10,0.00,0.00,0.00,0.00,0.00,0,0.00,24,0,'0',NULL,'',1516168263,1516168261),(394,48,'','Order_20180118134703',46.20,0,10,0.00,0.00,0.00,5.00,0.00,0,0.00,0,0,'',NULL,'',1516254423,1516254423),(395,48,'','Order_20180118160157',43.00,0,10,0.00,0.00,0.00,5.00,0.00,0,0.00,0,0,'',NULL,'',1516262517,1516262517),(396,48,'','Order_20180118160203',43.00,0,10,0.00,0.00,0.00,5.00,0.00,0,0.00,0,0,'',NULL,'',1516262523,1516262523),(397,48,'','Order_20180118160229',43.00,0,10,0.00,0.00,0.00,5.00,0.00,0,0.00,0,0,'',NULL,'',1516262549,1516262549),(398,48,'','Order_20180118160239',13.00,0,10,0.00,0.00,0.00,0.00,0.00,0,0.00,0,0,'',NULL,'',1516262559,1516262559),(399,48,'','Order_20180118160254',13.00,0,10,0.00,0.00,0.00,0.00,0.00,0,0.00,0,0,'',NULL,'',1516262574,1516262574),(400,48,'','Order_20180118160303',40.00,0,10,0.00,0.00,0.00,5.00,0.00,0,0.00,0,0,'',NULL,'',1516262583,1516262583),(401,48,'','Order_20180118160307',40.00,0,10,0.00,0.00,0.00,5.00,0.00,0,0.00,24,0,'0',NULL,'',1516262589,1516262587),(402,48,'','Order_20180118160313',40.00,0,10,0.00,0.00,0.00,5.00,0.00,0,0.00,0,0,'',NULL,'',1516262593,1516262593),(403,48,'','Order_20180118160411',25.60,0,10,0.00,0.00,0.00,0.00,0.00,0,0.00,0,0,'',NULL,'',1516262651,1516262651),(404,48,'','Order_20180118160428',27.00,0,10,0.00,0.00,0.00,5.00,0.00,0,0.00,0,0,'',NULL,'',1516262668,1516262668),(405,48,'','Order_20180118160437',27.00,0,10,0.00,0.00,0.00,5.00,0.00,0,0.00,0,0,'',NULL,'',1516262677,1516262677),(406,48,'','Order_20180118160446',27.00,0,10,0.00,0.00,0.00,5.00,0.00,0,0.00,0,0,'',NULL,'',1516262686,1516262686),(407,48,'','Order_20180118160501',27.00,0,10,0.00,0.00,0.00,5.00,0.00,0,0.00,0,0,'',NULL,'',1516262701,1516262701),(408,48,'','Order_20180118160511',27.00,0,10,0.00,0.00,0.00,5.00,0.00,0,0.00,0,0,'',NULL,'',1516262711,1516262711),(409,48,'','Order_20180118160523',27.00,0,10,0.00,0.00,0.00,5.00,0.00,0,0.00,0,0,'',NULL,'',1516262723,1516262723),(410,48,'','Order_20180118160534',27.00,0,10,0.00,0.00,0.00,5.00,0.00,0,0.00,0,0,'',NULL,'',1516262734,1516262734),(411,48,'','Order_20180118160544',16.00,0,10,0.00,0.00,0.00,0.00,0.00,0,0.00,0,0,'',NULL,'',1516262744,1516262744),(412,48,'','Order_20180118160559',27.00,0,10,0.00,0.00,0.00,5.00,0.00,0,0.00,0,0,'',NULL,'',1516262759,1516262759),(413,48,'','Order_20180118160633',27.00,0,10,0.00,0.00,0.00,5.00,0.00,0,0.00,0,0,'',NULL,'',1516262793,1516262793),(414,48,'','Order_20180118160719',40.00,0,10,0.00,0.00,0.00,5.00,0.00,0,0.00,0,0,'',NULL,'',1516262839,1516262839),(415,48,'','Order_20180118160723',27.00,0,10,0.00,0.00,0.00,5.00,0.00,0,0.00,0,0,'',NULL,'',1516262843,1516262843),(416,48,'','Order_20180118160732',37.00,0,10,0.00,0.00,0.00,5.00,0.00,0,0.00,0,0,'',NULL,'',1516262852,1516262852),(418,48,'','Order_20180118160803',37.00,0,10,0.00,0.00,0.00,5.00,0.00,0,0.00,0,0,'',NULL,'',1516262883,1516262883),(419,48,'','Order_20180118160808',27.00,0,10,0.00,0.00,0.00,5.00,0.00,0,0.00,0,0,'',NULL,'',1516262888,1516262888),(420,48,'','Order_20180118160812',27.00,0,10,0.00,0.00,0.00,5.00,0.00,0,0.00,0,0,'',NULL,'',1516262892,1516262892),(421,48,'','Order_20180118160819',40.00,0,10,0.00,0.00,0.00,5.00,0.00,0,0.00,0,0,'',NULL,'',1516262899,1516262899),(422,48,'','Order_20180118160824',40.00,0,10,0.00,0.00,0.00,5.00,0.00,0,0.00,0,0,'',NULL,'',1516262904,1516262904),(423,48,'','Order_20180118160827',27.00,0,10,0.00,0.00,0.00,5.00,0.00,0,0.00,0,0,'',NULL,'',1516262907,1516262907),(424,48,'','Order_20180118160844',27.00,0,10,0.00,0.00,0.00,5.00,0.00,0,0.00,0,0,'',NULL,'',1516262924,1516262924),(425,48,'','Order_20180118160850',37.00,0,10,0.00,0.00,0.00,5.00,0.00,0,0.00,0,0,'',NULL,'',1516262930,1516262930),(426,48,'','Order_20180118160858',37.00,0,10,0.00,0.00,0.00,5.00,0.00,0,0.00,0,0,'',NULL,'',1516262938,1516262938),(427,48,'','Order_20180118160902',37.00,0,10,0.00,0.00,0.00,5.00,0.00,0,0.00,0,0,'',NULL,'',1516262942,1516262942),(428,48,'','Order_20180118160907',37.00,0,10,0.00,0.00,0.00,5.00,0.00,0,0.00,0,0,'',NULL,'',1516262947,1516262947),(429,48,'','Order_20180118160918',37.00,0,10,0.00,0.00,0.00,5.00,0.00,0,0.00,0,0,'',NULL,'',1516262958,1516262958),(430,48,'','Order_20180118160923',37.00,0,10,0.00,0.00,0.00,5.00,0.00,0,0.00,0,0,'',NULL,'',1516262963,1516262963),(431,48,'','Order_20180118161339',27.00,0,10,0.00,0.00,0.00,5.00,0.00,0,0.00,0,0,'',NULL,'',1516263219,1516263219),(432,48,'','Order_20180118161534',27.00,0,10,0.00,0.00,0.00,5.00,0.00,0,0.00,0,0,'',NULL,'',1516263334,1516263334),(433,48,'','Order_20180118161622',40.00,0,10,0.00,0.00,0.00,5.00,0.00,0,0.00,0,0,'',NULL,'',1516263382,1516263382),(434,48,'','Order_20180118161633',27.00,0,10,0.00,0.00,0.00,5.00,0.00,0,0.00,0,0,'',NULL,'',1516263393,1516263393),(435,48,'','Order_20180118161740',40.00,0,10,0.00,0.00,0.00,5.00,0.00,0,0.00,0,0,'',NULL,'',1516263460,1516263460),(436,48,'','Order_20180118161753',27.00,0,10,0.00,0.00,0.00,5.00,0.00,0,0.00,0,0,'',NULL,'',1516263473,1516263473),(437,48,'','Order_20180118162104',40.00,0,10,0.00,0.00,0.00,5.00,0.00,0,0.00,0,0,'',NULL,'',1516263664,1516263664),(438,48,'','Order_20180118162112',27.00,0,10,0.00,0.00,0.00,5.00,0.00,0,0.00,0,0,'',NULL,'',1516263672,1516263672),(439,48,'','Order_20180118162205',40.00,0,10,0.00,0.00,0.00,5.00,0.00,0,0.00,0,0,'',NULL,'',1516263725,1516263725),(440,48,'','Order_20180118162210',27.00,0,10,0.00,0.00,0.00,5.00,0.00,0,0.00,0,0,'',NULL,'',1516263730,1516263730),(441,48,'','Order_20180118162238',40.00,0,10,0.00,0.00,0.00,5.00,0.00,0,0.00,0,0,'',NULL,'',1516263758,1516263758),(442,48,'','Order_20180118162637',27.00,0,10,0.00,0.00,0.00,5.00,0.00,0,0.00,0,0,'',NULL,'',1516263997,1516263997),(443,48,'','Order_20180118162659',37.00,0,10,0.00,0.00,0.00,5.00,0.00,0,0.00,0,0,'',NULL,'',1516264019,1516264019),(444,48,'','Order_20180118162812',40.00,0,10,0.00,0.00,0.00,5.00,0.00,0,0.00,0,0,'',NULL,'',1516264092,1516264092),(445,48,'','Order_20180118162841',0.01,0,10,0.00,0.00,0.00,5.00,0.00,0,0.00,0,0,'',NULL,'',1516264121,1516264121),(446,48,'','Order_20180118162847',0.01,0,11,0.00,0.00,0.00,5.00,0.00,0,0.00,0,2,'',NULL,'',1516264127,1516264127),(447,48,'','Order_20180118162943',0.01,0,0,0.00,0.00,0.00,5.00,0.00,0,0.00,0,2,'',NULL,'',1516264183,1516264183),(448,48,'','Order_20180118164745',0.01,0,0,0.00,0.00,0.00,8.00,0.00,0,0.00,0,2,'',NULL,'',1516265265,1516265265),(449,48,'','Order_20180118174154',0.01,0,10,0.00,0.00,0.00,8.00,0.00,0,0.00,0,0,'',NULL,'',1516268514,1516268514),(450,42,'','Order_20180119165907',69.00,1,10,8.00,5.00,0.00,8.00,0.00,0,0.00,0,0,'',NULL,'',1516352347,1516352347);

#
# Structure for table "cy_order_info"
#

DROP TABLE IF EXISTS `cy_order_info`;
CREATE TABLE `cy_order_info` (
  `ordinfo_id` int(11) NOT NULL AUTO_INCREMENT,
  `order_id` int(11) NOT NULL DEFAULT '0' COMMENT '订单id',
  `goods_id` int(11) DEFAULT NULL COMMENT '商品id',
  `goods_count` int(11) DEFAULT NULL COMMENT '商品数量',
  `goods_price` double(10,2) DEFAULT NULL COMMENT '价格',
  `delete_time` int(11) DEFAULT NULL,
  `update_time` int(11) DEFAULT NULL,
  `create_time` int(11) DEFAULT NULL,
  PRIMARY KEY (`ordinfo_id`)
) ENGINE=InnoDB AUTO_INCREMENT=495 DEFAULT CHARSET=utf8 COMMENT='订单信息表';

#
# Data for table "cy_order_info"
#

INSERT INTO `cy_order_info` VALUES (1,1,1,2,8.80,NULL,NULL,NULL),(2,1,2,1,10.90,NULL,NULL,NULL),(27,41,3,2,13.00,NULL,1514177226,1514177226),(28,2,6,2,18.00,NULL,1514177226,1514177226),(29,2,8,2,421.00,NULL,1514177226,1514177226),(30,43,4,2,16.00,NULL,1514177403,1514177403),(31,43,6,2,18.00,NULL,1514177403,1514177403),(32,43,8,2,421.00,NULL,1514177403,1514177403),(33,11,8,2,421.00,NULL,1514177403,1514177403),(80,80,8,5,99.00,NULL,1515843669,1515843669),(101,59,1,4,12.80,NULL,1514537899,1514537899),(107,70,1,4,12.80,NULL,1514540889,1514540889),(108,106,3,4,13.00,NULL,1514540889,1514540889),(109,106,1,4,12.80,NULL,1514874960,1514874960),(110,71,3,4,13.00,NULL,1514874960,1514874960),(111,72,1,4,12.80,NULL,1514881614,1514881614),(112,72,3,4,13.00,NULL,1514881614,1514881614),(113,73,1,4,12.80,NULL,1514881684,1514881684),(114,73,3,4,13.00,NULL,1514881684,1514881684),(115,74,1,4,12.80,NULL,1514881699,1514881699),(116,74,3,4,13.00,NULL,1514881699,1514881699),(117,75,1,4,12.80,NULL,1514881739,1514881739),(118,75,3,4,13.00,NULL,1514881739,1514881739),(119,76,1,4,12.80,NULL,1514881771,1514881771),(120,76,3,4,13.00,NULL,1514881771,1514881771),(121,79,1,4,12.80,NULL,1514881789,1514881789),(122,82,3,4,13.00,NULL,1514881789,1514881789),(123,88,1,4,12.80,NULL,1514881833,1514881833),(124,81,3,4,13.00,NULL,1514881833,1514881833),(125,82,1,4,12.80,NULL,1514885961,1514885961),(126,106,3,4,13.00,NULL,1514885961,1514885961),(127,99,1,4,12.80,NULL,1515048062,1515048062),(128,99,3,3,13.00,NULL,1515048062,1515048062),(129,84,1,4,12.80,NULL,1515057857,1515057857),(130,108,3,4,13.00,NULL,1515057857,1515057857),(131,109,1,4,12.80,NULL,1515057862,1515057862),(132,109,3,4,13.00,NULL,1515057862,1515057862),(133,110,1,4,12.80,NULL,1515120633,1515120633),(134,110,3,4,13.00,NULL,1515120633,1515120633),(135,130,1,3,12.80,NULL,1515463985,1515463985),(136,130,4,3,16.00,NULL,1515463985,1515463985),(155,177,4,1,16.00,NULL,1515487898,1515487898),(161,181,1,2,12.80,NULL,1515489498,1515489498),(162,181,4,2,16.00,NULL,1515489498,1515489498),(163,182,1,2,12.80,NULL,1515489860,1515489860),(164,182,4,2,16.00,NULL,1515489860,1515489860),(165,183,1,3,12.80,NULL,1515490187,1515490187),(166,183,4,1,16.00,NULL,1515490187,1515490187),(167,184,1,2,12.80,NULL,1515490357,1515490357),(168,184,7,2,15.00,NULL,1515490357,1515490357),(169,185,4,1,16.00,NULL,1515490859,1515490859),(170,186,4,4,16.00,NULL,1515492106,1515492106),(171,186,6,4,18.00,NULL,1515492106,1515492106),(172,187,4,4,16.00,NULL,1515492160,1515492160),(173,187,6,4,18.00,NULL,1515492160,1515492160),(174,188,4,4,16.00,NULL,1515492327,1515492327),(175,188,6,4,18.00,NULL,1515492327,1515492327),(176,189,1,1,12.80,NULL,1515492428,1515492428),(177,189,4,3,16.00,NULL,1515492428,1515492428),(178,189,4,4,16.00,NULL,1515492428,1515492428),(179,189,6,4,18.00,NULL,1515492428,1515492428),(180,190,1,3,12.80,NULL,1515548830,1515548830),(181,190,4,4,16.00,NULL,1515548830,1515548830),(182,191,4,1,16.00,NULL,1515548906,1515548906),(183,192,4,1,16.00,NULL,1515548964,1515548964),(184,193,1,6,12.80,NULL,1515549141,1515549141),(185,193,4,3,16.00,NULL,1515549141,1515549141),(186,193,1,4,12.80,NULL,1515549141,1515549141),(187,193,3,4,13.00,NULL,1515549141,1515549141),(188,194,1,6,12.80,NULL,1515549189,1515549189),(189,194,4,3,16.00,NULL,1515549189,1515549189),(190,194,1,4,12.80,NULL,1515549189,1515549189),(191,194,3,4,13.00,NULL,1515549189,1515549189),(192,195,1,6,12.80,NULL,1515549200,1515549200),(193,195,4,3,16.00,NULL,1515549200,1515549200),(194,195,1,4,12.80,NULL,1515549200,1515549200),(195,195,3,4,13.00,NULL,1515549200,1515549200),(196,196,1,6,12.80,NULL,1515549301,1515549301),(197,196,4,3,16.00,NULL,1515549301,1515549301),(198,196,1,4,12.80,NULL,1515549301,1515549301),(199,196,3,4,13.00,NULL,1515549301,1515549301),(200,197,1,3,12.80,NULL,1515549337,1515549337),(201,197,1,3,12.80,NULL,1515549337,1515549337),(202,197,3,2,13.00,NULL,1515549337,1515549337),(203,198,1,1,12.80,NULL,1515550119,1515550119),(204,198,1,1,12.80,NULL,1515550119,1515550119),(205,199,1,1,12.80,NULL,1515551306,1515551306),(206,199,4,1,16.00,NULL,1515551306,1515551306),(207,200,1,1,12.80,NULL,1515551460,1515551460),(208,200,4,1,16.00,NULL,1515551460,1515551460),(209,200,4,1,16.00,NULL,1515551460,1515551460),(210,201,1,3,12.80,NULL,1515569856,1515569856),(211,201,4,2,16.00,NULL,1515569856,1515569856),(212,202,1,3,12.80,NULL,1515571946,1515571946),(213,202,4,2,16.00,NULL,1515571946,1515571946),(214,203,1,4,12.80,NULL,1515574575,1515574575),(215,203,4,4,16.00,NULL,1515574575,1515574575),(216,204,1,4,12.80,NULL,1515574604,1515574604),(217,204,4,4,16.00,NULL,1515574604,1515574604),(218,205,1,4,12.80,NULL,1515574610,1515574610),(219,205,4,4,16.00,NULL,1515574610,1515574610),(220,206,1,4,12.80,NULL,1515574611,1515574611),(221,206,4,4,16.00,NULL,1515574611,1515574611),(222,207,1,4,12.80,NULL,1515574616,1515574616),(223,207,4,4,16.00,NULL,1515574616,1515574616),(224,208,4,3,16.00,NULL,1515575144,1515575144),(225,209,4,3,16.00,NULL,1515575378,1515575378),(226,210,4,3,16.00,NULL,1515575429,1515575429),(227,211,4,3,16.00,NULL,1515575690,1515575690),(228,212,4,3,16.00,NULL,1515575721,1515575721),(229,213,4,3,16.00,NULL,1515575771,1515575771),(230,214,4,4,16.00,NULL,1515575840,1515575840),(231,215,4,3,16.00,NULL,1515576032,1515576032),(232,216,4,3,16.00,NULL,1515576037,1515576037),(233,217,4,3,16.00,NULL,1515576199,1515576199),(234,218,4,2,16.00,NULL,1515576411,1515576411),(235,219,4,4,16.00,NULL,1515576468,1515576468),(236,220,4,3,16.00,NULL,1515576524,1515576524),(237,221,4,3,16.00,NULL,1515576581,1515576581),(238,222,4,3,16.00,NULL,1515576658,1515576658),(239,223,4,4,16.00,NULL,1515576695,1515576695),(240,224,4,4,16.00,NULL,1515576801,1515576801),(241,225,4,4,16.00,NULL,1515576827,1515576827),(242,226,4,4,16.00,NULL,1515576843,1515576843),(243,227,4,3,16.00,NULL,1515577095,1515577095),(244,228,4,3,16.00,NULL,1515577612,1515577612),(245,229,1,3,12.80,NULL,1515577616,1515577616),(246,229,4,3,16.00,NULL,1515577616,1515577616),(247,230,4,5,16.00,NULL,1515577654,1515577654),(248,231,1,4,12.80,NULL,1515577661,1515577661),(249,231,4,5,16.00,NULL,1515577661,1515577661),(250,232,1,4,12.80,NULL,1515577661,1515577661),(251,232,4,5,16.00,NULL,1515577661,1515577661),(252,233,4,4,16.00,NULL,1515577673,1515577673),(253,234,4,4,16.00,NULL,1515577679,1515577679),(254,235,1,4,12.80,NULL,1515577683,1515577683),(255,235,4,4,16.00,NULL,1515577683,1515577683),(256,236,1,4,12.80,NULL,1515577686,1515577686),(257,236,4,4,16.00,NULL,1515577686,1515577686),(258,237,1,4,12.80,NULL,1515577692,1515577692),(259,237,4,4,16.00,NULL,1515577692,1515577692),(260,238,1,4,12.80,NULL,1515577726,1515577726),(261,238,4,4,16.00,NULL,1515577726,1515577726),(262,239,1,4,12.80,NULL,1515577731,1515577731),(263,239,4,4,16.00,NULL,1515577731,1515577731),(264,240,1,4,12.80,NULL,1515577756,1515577756),(265,240,4,4,16.00,NULL,1515577756,1515577756),(266,241,1,1,12.80,NULL,1515577767,1515577767),(267,242,1,1,12.80,NULL,1515577770,1515577770),(268,243,1,1,12.80,NULL,1515577789,1515577789),(269,244,1,1,12.80,NULL,1515577967,1515577967),(270,245,1,1,12.80,NULL,1515578020,1515578020),(271,246,1,1,12.80,NULL,1515578063,1515578063),(272,247,1,1,12.80,NULL,1515578095,1515578095),(273,248,4,4,16.00,NULL,1515579098,1515579098),(274,249,4,3,16.00,NULL,1515579245,1515579245),(275,250,4,4,16.00,NULL,1515579405,1515579405),(276,251,4,2,16.00,NULL,1515579463,1515579463),(277,252,4,3,16.00,NULL,1515634454,1515634454),(278,253,4,4,16.00,NULL,1515635653,1515635653),(279,254,4,3,16.00,NULL,1515635812,1515635812),(280,255,4,2,16.00,NULL,1515636496,1515636496),(281,256,4,3,16.00,NULL,1515636530,1515636530),(282,257,4,5,16.00,NULL,1515637872,1515637872),(283,258,4,5,16.00,NULL,1515637952,1515637952),(284,259,4,4,16.00,NULL,1515639023,1515639023),(285,260,4,4,16.00,NULL,1515639044,1515639044),(286,261,4,4,16.00,NULL,1515642527,1515642527),(287,262,4,4,16.00,NULL,1515642577,1515642577),(288,263,4,4,16.00,NULL,1515642633,1515642633),(289,264,4,5,16.00,NULL,1515642657,1515642657),(290,265,4,5,16.00,NULL,1515642677,1515642677),(291,266,4,5,16.00,NULL,1515642717,1515642717),(292,267,4,4,16.00,NULL,1515642781,1515642781),(293,268,4,5,16.00,NULL,1515642806,1515642806),(294,269,7,5,15.00,NULL,1515642888,1515642888),(295,270,4,3,16.00,NULL,1515658919,1515658919),(296,271,4,3,16.00,NULL,1515661324,1515661324),(297,272,4,1,16.00,NULL,1515723765,1515723765),(298,273,4,1,16.00,NULL,1515723769,1515723769),(299,274,4,1,16.00,NULL,1515723788,1515723788),(300,275,4,1,16.00,NULL,1515723892,1515723892),(301,276,4,1,16.00,NULL,1515725123,1515725123),(302,277,4,1,16.00,NULL,1515725194,1515725194),(303,278,4,1,16.00,NULL,1515725316,1515725316),(304,279,4,1,16.00,NULL,1515725872,1515725872),(305,280,4,2,16.00,NULL,1515726003,1515726003),(306,281,4,2,16.00,NULL,1515726069,1515726069),(307,282,4,1,16.00,NULL,1515726797,1515726797),(308,283,4,1,16.00,NULL,1515726917,1515726917),(309,284,4,1,16.00,NULL,1515726936,1515726936),(310,285,4,1,16.00,NULL,1515726958,1515726958),(311,286,4,1,16.00,NULL,1515726967,1515726967),(312,287,4,1,16.00,NULL,1515727263,1515727263),(313,288,4,1,16.00,NULL,1515727296,1515727296),(314,289,6,1,18.00,NULL,1515740840,1515740840),(315,290,6,1,18.00,NULL,1515741746,1515741746),(316,291,6,2,18.00,NULL,1515741922,1515741922),(317,292,6,2,18.00,NULL,1515741926,1515741926),(318,293,6,2,18.00,NULL,1515742512,1515742512),(319,294,8,1,421.00,NULL,1515997400,1515997400),(320,295,4,4,16.00,NULL,1515998280,1515998280),(321,296,4,4,16.00,NULL,1515998303,1515998303),(322,296,9,1,0.10,NULL,1516002118,1516002118),(323,298,9,1,0.10,NULL,1516004241,1516004241),(324,299,9,1,0.01,NULL,1516004922,1516004922),(325,300,9,1,2.01,NULL,1516006025,1516006025),(326,301,9,1,2.01,NULL,1516006410,1516006410),(327,302,9,1,2.01,NULL,1516006956,1516006956),(328,303,9,1,2.01,NULL,1516007973,1516007973),(329,304,9,1,2.01,NULL,1516007994,1516007994),(330,305,9,1,2.01,NULL,1516008282,1516008282),(332,306,1,2,12.80,NULL,1516008690,1516008690),(333,307,9,1,2.01,NULL,1516065256,1516065256),(334,308,9,1,2.01,NULL,1516065272,1516065272),(335,309,9,1,2.01,NULL,1516067275,1516067275),(336,310,9,1,2.01,NULL,1516070397,1516070397),(337,311,9,1,2.01,NULL,1516072347,1516072347),(338,312,9,1,2.01,NULL,1516072374,1516072374),(339,313,9,1,2.01,NULL,1516072491,1516072491),(340,314,9,1,2.01,NULL,1516073708,1516073708),(341,315,9,1,2.01,NULL,1516083146,1516083146),(342,316,9,1,2.01,NULL,1516083354,1516083354),(343,317,9,1,2.01,NULL,1516084791,1516084791),(344,318,9,1,2.01,NULL,1516085503,1516085503),(345,319,9,1,2.01,NULL,1516085543,1516085543),(346,320,9,1,2.01,NULL,1516085594,1516085594),(347,321,9,1,2.01,NULL,1516085610,1516085610),(348,322,9,1,2.01,NULL,1516085644,1516085644),(349,323,9,1,2.01,NULL,1516085656,1516085656),(350,324,9,1,2.01,NULL,1516085942,1516085942),(351,325,9,1,2.01,NULL,1516085968,1516085968),(352,326,9,1,2.01,NULL,1516086034,1516086034),(353,327,1,1,12.80,NULL,1516086432,1516086432),(354,327,3,1,13.00,NULL,1516086432,1516086432),(355,328,1,1,12.80,NULL,1516086461,1516086461),(356,328,3,1,13.00,NULL,1516086461,1516086461),(357,329,3,1,13.00,NULL,1516086843,1516086843),(358,329,4,1,16.00,NULL,1516086843,1516086843),(359,330,3,1,13.00,NULL,1516086848,1516086848),(360,330,4,1,16.00,NULL,1516086848,1516086848),(361,331,3,1,13.00,NULL,1516086906,1516086906),(362,331,4,1,16.00,NULL,1516086906,1516086906),(363,332,4,1,16.00,NULL,1516087439,1516087439),(364,333,3,1,13.00,NULL,1516087510,1516087510),(365,333,4,1,16.00,NULL,1516087510,1516087510),(366,334,9,1,2.01,NULL,1516089803,1516089803),(367,335,1,1,12.80,NULL,1516089844,1516089844),(368,335,9,3,2.01,NULL,1516089844,1516089844),(369,336,1,1,12.80,NULL,1516090416,1516090416),(370,336,9,3,2.01,NULL,1516090416,1516090416),(371,337,1,1,12.80,NULL,1516090501,1516090501),(372,337,9,3,2.01,NULL,1516090501,1516090501),(373,366,1,1,12.80,NULL,1516092439,1516092439),(374,366,3,1,13.00,NULL,1516092439,1516092439),(375,366,9,3,2.01,NULL,1516092439,1516092439),(376,367,3,1,13.00,NULL,1516092490,1516092490),(377,368,1,1,12.80,NULL,1516092500,1516092500),(378,368,3,1,13.00,NULL,1516092500,1516092500),(379,368,9,3,2.01,NULL,1516092500,1516092500),(380,369,3,2,13.00,NULL,1516092598,1516092598),(381,370,3,1,13.00,NULL,1516092659,1516092659),(382,371,3,3,13.00,NULL,1516092707,1516092707),(383,372,3,3,13.00,NULL,1516092802,1516092802),(384,373,3,2,13.00,NULL,1516092843,1516092843),(385,374,3,1,13.00,NULL,1516092950,1516092950),(386,375,3,1,13.00,NULL,1516092989,1516092989),(387,376,3,1,13.00,NULL,1516093056,1516093056),(388,377,3,3,13.00,NULL,1516093339,1516093339),(389,378,3,1,13.00,NULL,1516093368,1516093368),(390,379,3,1,13.00,NULL,1516093419,1516093419),(391,380,3,1,13.00,NULL,1516093440,1516093440),(392,381,3,2,13.00,NULL,1516093463,1516093463),(393,382,3,2,13.00,NULL,1516093466,1516093466),(394,383,1,2,12.80,NULL,1516094867,1516094867),(395,384,6,1,18.00,NULL,1516095112,1516095112),(396,384,7,1,15.00,NULL,1516095112,1516095112),(397,385,6,1,18.00,NULL,1516095150,1516095150),(398,385,7,1,15.00,NULL,1516095150,1516095150),(399,386,6,1,18.00,NULL,1516095182,1516095182),(400,386,7,1,15.00,NULL,1516095182,1516095182),(401,387,6,1,18.00,NULL,1516095184,1516095184),(402,387,7,1,15.00,NULL,1516095184,1516095184),(403,388,1,2,12.80,NULL,1516095250,1516095250),(404,389,6,1,18.00,NULL,1516096015,1516096015),(405,389,7,1,15.00,NULL,1516096015,1516096015),(406,390,3,3,13.00,NULL,1516097445,1516097445),(407,391,3,1,13.00,NULL,1516152642,1516152642),(408,392,3,2,13.00,NULL,1516152660,1516152660),(409,393,9,4,2.01,NULL,1516168261,1516168261),(410,394,1,4,12.80,NULL,1516254423,1516254423),(411,395,4,3,16.00,NULL,1516262517,1516262517),(412,396,4,3,16.00,NULL,1516262523,1516262523),(413,397,4,3,16.00,NULL,1516262549,1516262549),(414,398,3,1,13.00,NULL,1516262560,1516262560),(415,399,3,1,13.00,NULL,1516262574,1516262574),(416,400,3,1,13.00,NULL,1516262583,1516262583),(417,400,4,2,16.00,NULL,1516262583,1516262583),(418,401,3,1,13.00,NULL,1516262587,1516262587),(419,401,4,2,16.00,NULL,1516262587,1516262587),(420,402,3,1,13.00,NULL,1516262593,1516262593),(421,402,4,2,16.00,NULL,1516262593,1516262593),(422,403,1,2,12.80,NULL,1516262651,1516262651),(423,404,4,2,16.00,NULL,1516262668,1516262668),(424,405,4,2,16.00,NULL,1516262677,1516262677),(425,406,4,2,16.00,NULL,1516262686,1516262686),(426,407,4,2,16.00,NULL,1516262701,1516262701),(427,408,4,2,16.00,NULL,1516262711,1516262711),(428,409,4,2,16.00,NULL,1516262723,1516262723),(429,410,4,2,16.00,NULL,1516262734,1516262734),(430,411,4,1,16.00,NULL,1516262744,1516262744),(431,412,4,2,16.00,NULL,1516262759,1516262759),(432,413,4,2,16.00,NULL,1516262793,1516262793),(433,414,3,1,13.00,NULL,1516262839,1516262839),(434,414,4,2,16.00,NULL,1516262839,1516262839),(435,415,4,2,16.00,NULL,1516262843,1516262843),(436,416,3,2,13.00,NULL,1516262852,1516262852),(437,416,4,1,16.00,NULL,1516262852,1516262852),(440,418,3,2,13.00,NULL,1516262883,1516262883),(441,418,4,1,16.00,NULL,1516262883,1516262883),(442,419,4,2,16.00,NULL,1516262888,1516262888),(443,420,4,2,16.00,NULL,1516262892,1516262892),(444,421,3,1,13.00,NULL,1516262899,1516262899),(445,421,4,2,16.00,NULL,1516262899,1516262899),(446,422,3,1,13.00,NULL,1516262904,1516262904),(447,422,4,2,16.00,NULL,1516262904,1516262904),(448,423,4,2,16.00,NULL,1516262907,1516262907),(449,424,4,2,16.00,NULL,1516262924,1516262924),(450,425,3,2,13.00,NULL,1516262930,1516262930),(451,425,4,1,16.00,NULL,1516262930,1516262930),(452,426,3,2,13.00,NULL,1516262938,1516262938),(453,426,4,1,16.00,NULL,1516262938,1516262938),(454,427,3,2,13.00,NULL,1516262942,1516262942),(455,427,4,1,16.00,NULL,1516262942,1516262942),(456,428,3,2,13.00,NULL,1516262947,1516262947),(457,428,4,1,16.00,NULL,1516262947,1516262947),(458,429,3,2,13.00,NULL,1516262958,1516262958),(459,429,4,1,16.00,NULL,1516262958,1516262958),(460,430,3,2,13.00,NULL,1516262963,1516262963),(461,430,4,1,16.00,NULL,1516262963,1516262963),(462,431,4,2,16.00,NULL,1516263219,1516263219),(463,432,4,2,16.00,NULL,1516263334,1516263334),(464,433,3,1,13.00,NULL,1516263382,1516263382),(465,433,4,2,16.00,NULL,1516263382,1516263382),(466,434,4,2,16.00,NULL,1516263393,1516263393),(467,435,3,1,13.00,NULL,1516263460,1516263460),(468,435,4,2,16.00,NULL,1516263460,1516263460),(469,436,4,2,16.00,NULL,1516263473,1516263473),(470,437,3,1,13.00,NULL,1516263664,1516263664),(471,437,4,2,16.00,NULL,1516263664,1516263664),(472,438,4,2,16.00,NULL,1516263672,1516263672),(473,439,3,1,13.00,NULL,1516263725,1516263725),(474,439,4,2,16.00,NULL,1516263725,1516263725),(475,440,4,2,16.00,NULL,1516263730,1516263730),(476,441,3,1,13.00,NULL,1516263758,1516263758),(477,441,4,2,16.00,NULL,1516263758,1516263758),(478,442,4,2,16.00,NULL,1516263997,1516263997),(479,443,3,2,13.00,NULL,1516264019,1516264019),(480,443,4,1,16.00,NULL,1516264019,1516264019),(481,444,3,1,13.00,NULL,1516264092,1516264092),(482,444,4,2,16.00,NULL,1516264092,1516264092),(483,445,4,2,16.00,NULL,1516264121,1516264121),(484,446,4,2,16.00,NULL,1516264127,1516264127),(485,447,3,1,13.00,NULL,1516264183,1516264183),(486,447,4,2,16.00,NULL,1516264183,1516264183),(487,448,4,3,16.00,NULL,1516265265,1516265265),(488,448,7,3,15.00,NULL,1516265265,1516265265),(489,448,9,3,2.01,NULL,1516265265,1516265265),(490,449,3,3,13.00,NULL,1516268514,1516268514),(491,449,4,4,16.00,NULL,1516268514,1516268514),(492,450,3,1,13.00,NULL,1516352347,1516352347),(493,450,6,2,18.00,NULL,1516352347,1516352347),(494,450,7,1,15.00,NULL,1516352347,1516352347);

#
# Structure for table "cy_order_tracking"
#

DROP TABLE IF EXISTS `cy_order_tracking`;
CREATE TABLE `cy_order_tracking` (
  `id` int(11) unsigned NOT NULL AUTO_INCREMENT,
  `order_id` int(11) unsigned NOT NULL COMMENT '订单ID',
  `mark` varchar(60) NOT NULL DEFAULT '' COMMENT '订单跟踪标志',
  `create_time` int(11) NOT NULL,
  `update_time` int(11) unsigned NOT NULL DEFAULT '0',
  PRIMARY KEY (`id`)
) ENGINE=InnoDB AUTO_INCREMENT=303 DEFAULT CHARSET=utf8 COMMENT='订单跟踪';

#
# Data for table "cy_order_tracking"
#

INSERT INTO `cy_order_tracking` VALUES (1,111,'订单退款完成',0,0),(2,110,'订单退款完成',0,0),(3,129,'订单提交',0,0),(4,130,'订单提交',0,0),(5,131,'订单提交',0,0),(6,132,'订单提交',0,0),(7,133,'订单提交',0,0),(8,134,'订单提交',0,0),(9,110,'订单退款完成',0,0),(10,111,'订单退款完成',0,0),(11,112,'订单退款完成',0,0),(12,112,'订单退款完成',0,0),(13,113,'订单退款完成',0,0),(14,114,'订单退款完成',0,0),(15,177,'订单提交',0,0),(16,181,'订单提交',0,0),(17,182,'订单提交',0,0),(18,183,'订单提交',0,0),(19,184,'订单提交',0,0),(20,185,'订单提交',0,0),(21,186,'订单提交',0,0),(22,187,'订单提交',0,0),(23,188,'订单提交',0,0),(24,189,'订单提交',0,0),(25,190,'订单提交',0,0),(26,191,'订单提交',0,0),(27,192,'订单提交',0,0),(28,193,'订单提交',0,0),(29,194,'订单提交',0,0),(30,195,'订单提交',0,0),(31,196,'订单提交',0,0),(32,197,'订单提交',0,0),(33,198,'订单提交',0,0),(34,199,'订单提交',0,0),(35,200,'订单提交',0,0),(36,201,'订单提交',0,0),(37,202,'订单提交',0,0),(38,203,'订单提交',0,0),(39,204,'订单提交',0,0),(40,205,'订单提交',0,0),(41,206,'订单提交',0,0),(42,207,'订单提交',0,0),(43,208,'订单提交',0,0),(44,209,'订单提交',0,0),(45,210,'订单提交',0,0),(46,211,'订单提交',0,0),(47,212,'订单提交',0,0),(48,213,'订单提交',0,0),(49,214,'订单提交',0,0),(50,215,'订单提交',0,0),(51,216,'订单提交',0,0),(52,217,'订单提交',0,0),(53,218,'订单提交',0,0),(54,219,'订单提交',0,0),(55,220,'订单提交',0,0),(56,221,'订单提交',0,0),(57,222,'订单提交',0,0),(58,223,'订单提交',0,0),(59,224,'订单提交',0,0),(60,225,'订单提交',0,0),(61,226,'订单提交',0,0),(62,227,'订单提交',0,0),(63,228,'订单提交',0,0),(64,229,'订单提交',0,0),(65,230,'订单提交',0,0),(66,231,'订单提交',0,0),(67,232,'订单提交',0,0),(68,233,'订单提交',0,0),(69,234,'订单提交',0,0),(70,235,'订单提交',0,0),(71,236,'订单提交',0,0),(72,237,'订单提交',0,0),(73,238,'订单提交',0,0),(74,239,'订单提交',0,0),(75,240,'订单提交',0,0),(76,241,'订单提交',0,0),(77,242,'订单提交',0,0),(78,243,'订单提交',0,0),(79,244,'订单提交',0,0),(80,245,'订单提交',0,0),(81,246,'订单提交',0,0),(82,247,'订单提交',0,0),(83,248,'订单提交',0,0),(84,249,'订单提交',0,0),(85,250,'订单提交',0,0),(86,251,'订单提交',0,0),(87,252,'订单提交',0,0),(88,253,'订单提交',0,0),(89,254,'订单提交',0,0),(90,255,'订单提交',0,0),(91,256,'订单提交',0,0),(92,257,'订单提交',0,0),(93,258,'订单提交',0,0),(94,259,'订单提交',0,0),(95,260,'订单提交',0,0),(96,261,'订单提交',0,0),(97,261,'支付成功',0,0),(98,261,'商家接单',0,0),(99,261,'商家派送',0,0),(100,265,'订单提交',0,0),(101,266,'订单提交',0,0),(102,267,'订单提交',0,0),(103,268,'订单提交',0,0),(104,269,'订单提交',0,0),(105,270,'订单提交',0,0),(106,271,'订单提交',0,0),(107,272,'订单提交',0,0),(108,273,'订单提交',0,0),(109,274,'订单提交',0,0),(110,275,'订单提交',0,0),(111,276,'订单提交',0,0),(112,277,'订单提交',0,0),(113,278,'订单提交',0,0),(114,279,'订单提交',0,0),(115,280,'订单提交',0,0),(116,281,'订单提交',0,0),(117,282,'订单提交',0,0),(118,283,'订单提交',0,0),(119,284,'订单提交',0,0),(120,285,'订单提交',0,0),(121,286,'订单提交',0,0),(122,287,'订单提交',0,0),(123,288,'订单提交',0,0),(124,289,'订单提交',0,0),(125,290,'订单提交',0,0),(126,291,'订单提交',0,0),(127,292,'订单提交',0,0),(128,293,'订单提交',0,0),(129,264,'支付成功',0,0),(130,80,'订单已提交',2018011614,0),(131,80,'支付成功',0,0),(140,81,'订单提交',20180116,0),(141,81,'支付成功',20180117,0),(142,81,'商家接单',20180118,0),(143,82,'订单完成',0,0),(144,82,'订单完成',0,0),(145,261,'订单完成',0,0),(150,79,'订单已提交',0,0),(151,79,'支付成功',0,0),(152,79,'商家接单',0,0),(153,79,'订单完成',0,0),(155,294,'订单提交',0,0),(156,295,'订单提交',0,0),(157,296,'订单提交',0,0),(158,297,'订单提交',0,0),(159,80,'订单已取消',0,0),(160,298,'订单提交',0,0),(161,299,'订单提交',0,0),(162,300,'订单提交',0,0),(163,301,'订单提交',0,0),(164,302,'订单提交',0,0),(165,303,'订单提交',0,0),(166,304,'订单提交',0,0),(167,305,'订单提交',0,0),(168,306,'订单提交',0,0),(169,94,'订单完成',0,0),(170,307,'订单提交',0,0),(171,308,'订单提交',0,0),(172,309,'订单提交',0,0),(173,81,'订单完成',0,0),(174,310,'订单提交',0,0),(175,311,'订单提交',0,0),(176,312,'订单提交',0,0),(177,313,'订单提交',0,0),(178,314,'订单提交',0,0),(179,314,'支付成功',0,0),(180,315,'订单提交',0,0),(181,315,'支付成功',0,0),(182,316,'订单提交',0,0),(183,316,'支付成功',0,0),(184,317,'订单提交',0,0),(185,317,'支付成功',0,0),(186,318,'订单提交',0,0),(187,319,'订单提交',0,0),(188,320,'订单提交',0,0),(189,321,'订单提交',0,0),(190,322,'订单提交',0,0),(191,323,'订单提交',0,0),(192,324,'订单提交',0,0),(193,325,'订单提交',0,0),(194,326,'订单提交',0,0),(195,326,'支付成功',0,0),(196,327,'订单提交',0,0),(197,328,'订单提交',0,0),(198,329,'订单提交',0,0),(199,330,'订单提交',0,0),(200,331,'订单提交',0,0),(201,332,'订单提交',0,0),(202,333,'订单提交',0,0),(203,333,'支付成功',0,0),(204,334,'订单提交',0,0),(205,335,'订单提交',0,0),(206,336,'订单提交',0,0),(207,337,'订单提交',0,0),(208,333,'订单已取消',0,0),(209,366,'订单提交',0,0),(210,367,'订单提交',0,0),(211,368,'订单提交',0,0),(212,368,'支付成功',0,0),(213,369,'订单提交',0,0),(214,370,'订单提交',0,0),(215,333,'支付成功',0,0),(216,371,'订单提交',0,0),(217,372,'订单提交',0,0),(218,373,'订单提交',0,0),(219,374,'订单提交',0,0),(220,375,'订单提交',0,0),(221,376,'订单提交',0,0),(222,377,'订单提交',0,0),(223,378,'订单提交',0,0),(224,379,'订单提交',0,0),(225,380,'订单提交',0,0),(226,381,'订单提交',0,0),(227,382,'订单提交',0,0),(228,383,'订单提交',0,0),(229,384,'订单提交',0,0),(230,385,'订单提交',0,0),(231,386,'订单提交',0,0),(232,387,'订单提交',0,0),(233,388,'订单提交',0,0),(234,389,'订单提交',0,0),(235,389,'支付成功',0,0),(236,390,'订单提交',0,0),(237,314,'支付成功',0,0),(238,391,'订单提交',0,0),(239,392,'订单提交',0,0),(240,393,'订单提交',0,0),(241,394,'订单提交',0,0),(242,395,'订单提交',0,0),(243,396,'订单提交',0,0),(244,397,'订单提交',0,0),(245,398,'订单提交',0,0),(246,399,'订单提交',0,0),(247,400,'订单提交',0,0),(248,401,'订单提交',0,0),(249,402,'订单提交',0,0),(250,403,'订单提交',0,0),(251,404,'订单提交',0,0),(252,405,'订单提交',0,0),(253,406,'订单提交',0,0),(254,407,'订单提交',0,0),(255,408,'订单提交',0,0),(256,409,'订单提交',0,0),(257,410,'订单提交',0,0),(258,411,'订单提交',0,0),(259,412,'订单提交',0,0),(260,413,'订单提交',0,0),(261,414,'订单提交',0,0),(262,415,'订单提交',0,0),(263,416,'订单提交',0,0),(264,264,'264',264,264),(265,418,'订单提交',0,0),(266,419,'订单提交',0,0),(267,420,'订单提交',0,0),(268,421,'订单提交',0,0),(269,422,'订单提交',0,0),(270,423,'订单提交',0,0),(271,424,'订单提交',0,0),(272,425,'订单提交',0,0),(273,426,'订单提交',0,0),(274,427,'订单提交',0,0),(275,428,'订单提交',0,0),(276,429,'订单提交',0,0),(277,430,'订单提交',0,0),(278,431,'订单提交',0,0),(279,432,'订单提交',0,0),(280,433,'订单提交',0,0),(281,434,'订单提交',0,0),(282,435,'订单提交',0,0),(283,436,'订单提交',0,0),(284,437,'订单提交',0,0),(285,438,'订单提交',0,0),(286,439,'订单提交',0,0),(287,440,'订单提交',0,0),(288,441,'订单提交',0,0),(289,442,'订单提交',0,0),(290,443,'订单提交',0,0),(291,444,'订单提交',0,0),(292,445,'订单提交',0,0),(293,446,'订单提交',0,0),(294,447,'订单提交',0,0),(295,448,'订单提交',0,0),(296,449,'订单提交',0,0),(297,446,'支付成功',0,0),(298,447,'支付成功',0,0),(299,448,'支付成功',0,0),(300,446,'订单退款完成',0,0),(301,446,'支付成功',0,0),(302,450,'订单提交',0,0);

#
# Structure for table "cy_queuing"
#

DROP TABLE IF EXISTS `cy_queuing`;
CREATE TABLE `cy_queuing` (
  `id` int(11) NOT NULL AUTO_INCREMENT,
  `member_id` int(11) unsigned NOT NULL DEFAULT '0' COMMENT '用户ID',
  `sort_sn` varchar(20) NOT NULL COMMENT '排号',
  `num` smallint(6) NOT NULL DEFAULT '1' COMMENT '就餐人数',
  `before_num` tinyint(4) unsigned NOT NULL DEFAULT '0' COMMENT '排队人数',
  `status` tinyint(4) DEFAULT '0' COMMENT '状态 0正常排队1已过号',
  `create_time` int(11) NOT NULL COMMENT '排号时间',
  `update_time` int(11) DEFAULT NULL,
  `delete_time` int(11) DEFAULT NULL,
  PRIMARY KEY (`id`)
) ENGINE=MyISAM AUTO_INCREMENT=67 DEFAULT CHARSET=utf8 COMMENT='排号表';

#
# Data for table "cy_queuing"
#

/*!40000 ALTER TABLE `cy_queuing` DISABLE KEYS */;
INSERT INTO `cy_queuing` VALUES (1,0,'A28',2,0,1,1512353366,1512353366,NULL),(2,0,'A29',1,0,1,1512353306,1512353306,NULL),(3,0,'A30',6,0,0,1513129748,151261366,NULL),(4,0,'W0000',2,0,0,1513217093,1513217093,NULL),(5,0,'W1000',4,0,0,1513217108,1513217108,NULL),(6,0,'W2000',4,0,0,1513217120,1513217120,NULL),(7,0,'W0003',4,0,0,1513217136,1513217136,NULL),(8,0,'W0004',4,0,0,1513217142,1513217142,NULL),(9,0,'W0005',4,0,0,1513217143,1513217143,NULL),(10,0,'W0006',4,0,0,1513217144,1513217144,NULL),(11,0,'W0007',4,0,0,1513217145,1513217145,NULL),(12,0,'W0008',4,0,0,1513217145,1513217145,NULL),(13,0,'W0009',4,0,0,1513217146,1513217146,NULL),(14,0,'W0010',4,0,0,1513217147,1513217147,NULL),(15,0,'W0011',4,0,0,1513217147,1513217147,NULL),(16,37,'W0012',4,0,0,1513217148,1513217148,NULL),(17,37,'W0013',4,12,0,1513217776,1513217776,NULL),(18,37,'W0014',4,2,0,1513219574,1513219574,NULL),(19,39,'W0015',4,3,0,1512139578,1512139578,1514537428),(20,39,'W0016',1,0,2,1512139578,1512139578,NULL),(21,45,'W0000',12,0,1,1514343091,1514343091,NULL),(22,45,'W0001',12,1,0,1514343134,1514343134,NULL),(23,45,'W0002',12,2,0,1514343414,1514343414,NULL),(24,45,'W0003',12,3,0,1514343416,1514343416,NULL),(25,45,'W0004',12,4,0,1514343428,1514343428,NULL),(26,45,'W0005',12,5,0,1514343429,1514343429,NULL),(27,45,'W0006',12,6,0,1514343429,1514343429,NULL),(28,45,'W0007',12,7,0,1514343429,1514343429,NULL),(29,45,'W0008',12,8,0,1514343430,1514343430,NULL),(30,45,'W0009',12,9,0,1514343430,1514343430,NULL),(31,45,'W0010',12,10,0,1514343434,1514343434,NULL),(32,45,'W0011',12,11,0,1514343434,1514343434,NULL),(33,45,'W0012',12,12,0,1514343434,1514343434,NULL),(34,45,'W0013',12,13,0,1514343434,1514343434,NULL),(35,45,'W0014',12,14,0,1514343434,1514343434,NULL),(36,45,'W0015',12,15,0,1514343436,1514343436,NULL),(37,45,'W0016',12,16,0,1514343436,1514343436,NULL),(38,45,'W0017',12,17,0,1514343436,1514343436,NULL),(39,45,'W0018',12,18,0,1514343436,1514343436,NULL),(40,45,'W0019',12,19,0,1514343436,1514343436,NULL),(41,45,'W0020',12,20,0,1514343436,1514343436,NULL),(42,45,'W0021',12,21,0,1514343437,1514343437,NULL),(43,45,'W0022',12,22,0,1514343441,1514343441,NULL),(44,45,'W0023',12,23,0,1514343446,1514343446,NULL),(45,45,'W0024',2,24,0,1514343460,1514343460,NULL),(46,45,'W0025',2,25,0,1514343472,1514343472,NULL),(47,45,'W0026',2,26,0,1514343493,1514343493,NULL),(48,45,'W0027',2,27,0,1514343494,1514343494,NULL),(49,45,'W0028',2,28,0,1514343560,1514343560,NULL),(50,45,'W0029',21,29,0,1514343592,1514343592,NULL),(51,45,'W0030',2,30,0,1514343598,1514343598,NULL),(52,48,'W0000',21,0,0,1514424872,1514424872,1515998254),(53,48,'W0001',12,1,0,1514424905,1514424905,NULL),(54,48,'W0000',123,0,0,1515638809,1515638809,NULL),(55,42,'W0000',50,0,0,1515996671,1515996671,NULL),(56,42,'W0001',2,1,0,1515997138,1515997138,NULL),(57,50,'W0002',1,2,0,1515998334,1515998334,NULL),(58,42,'W0003',10,3,0,1516000657,1516000657,NULL),(59,42,'W0004',12,4,0,1516000706,1516000706,1516001442),(60,50,'W0004',1,4,0,1516003203,1516003203,NULL),(61,42,'W0000',666,0,0,1516174687,1516174687,NULL),(62,42,'W0001',20,1,0,1516174791,1516174791,NULL),(63,42,'W0002',20,2,0,1516174822,1516174822,NULL),(64,42,'W0003',50,3,0,1516177099,1516177099,NULL),(65,42,'W0004',50,4,0,1516177124,1516177124,NULL),(66,42,'W0000',55,0,0,1516350877,1516350877,NULL);
/*!40000 ALTER TABLE `cy_queuing` ENABLE KEYS */;

#
# Structure for table "cy_reserve"
#

DROP TABLE IF EXISTS `cy_reserve`;
CREATE TABLE `cy_reserve` (
  `id` int(11) NOT NULL AUTO_INCREMENT,
  `member_id` int(11) unsigned NOT NULL DEFAULT '0' COMMENT '会员ID',
  `order_sn` varchar(32) DEFAULT NULL COMMENT '订单编号',
  `num` int(11) DEFAULT NULL COMMENT '就餐人数',
  `time` int(11) DEFAULT NULL COMMENT '就餐时间',
  `name` varchar(30) DEFAULT NULL COMMENT '姓名',
  `is_room` enum('N','Y') NOT NULL DEFAULT 'N' COMMENT '是否预定包间：y-是，N-否',
  `sex` int(1) NOT NULL DEFAULT '0' COMMENT '0不详1男2女',
  `mobile` varchar(11) DEFAULT NULL COMMENT '电话',
  `status` int(1) NOT NULL DEFAULT '0' COMMENT '0未到时间1按时赴约2失约3取消预订',
  `des` varchar(255) DEFAULT NULL COMMENT '备注',
  `arrive_time` int(11) DEFAULT NULL COMMENT '到达时间',
  `create_time` int(11) DEFAULT NULL COMMENT '预定时间',
  `update_time` int(11) DEFAULT NULL,
  `delete_time` int(11) DEFAULT NULL,
  PRIMARY KEY (`id`)
) ENGINE=MyISAM AUTO_INCREMENT=48 DEFAULT CHARSET=utf8 COMMENT='预定表';

#
# Data for table "cy_reserve"
#

/*!40000 ALTER TABLE `cy_reserve` DISABLE KEYS */;
INSERT INTO `cy_reserve` VALUES (1,0,'54545',2,1509531959,'rtr','N',1,'13588845845',2,'idkmf',NULL,1509531959,1509531959,NULL),(2,0,'66545',2,1513137600,'ewq','N',2,'13588845845',2,'fds',NULL,1513137600,NULL,NULL),(3,0,'65645',3,1513392249,'like','N',1,NULL,1,NULL,NULL,1513392049,NULL,NULL),(4,0,'0',2,2017,'dd','N',1,'13577788888',2,'ddd',NULL,1513159483,1513159483,NULL),(5,0,'0',2,2017,'dd','N',1,'13577788888',2,'ddd',NULL,1513159578,1513159578,NULL),(6,0,'0',2,2017,'dd','N',1,'13577788888',2,'ddd',NULL,1513159646,1513159646,NULL),(7,0,'0',2,2017,'dd','N',1,'13577788888',2,'ddd',NULL,1513159683,1513159683,NULL),(8,0,'0',2,2017,'dd','N',1,'13577788888',2,'ddd',NULL,1513159704,1513159704,NULL),(9,0,'0',2,2017,'dd','N',1,'13577788888',2,'ddd',NULL,1513159813,1513159813,NULL),(10,37,'Order_20171213181049',2,1514370600,'dd','N',1,'13577788888',2,'ddd',NULL,1513159849,1513159849,NULL),(11,37,'Order_20171213181103',2,1514370600,'dd','N',1,'13577788888',2,'ddd',NULL,1513159863,1513159863,NULL),(12,37,'Order_20171214085150',2,1514370600,'dd','N',1,'13577788888',2,'ddd',NULL,1513212710,1513212710,NULL),(13,37,'Order_20171214093650',2,1514370600,'dd','N',1,'13577788888',3,'ddd',NULL,1513215410,1513215410,NULL),(14,37,'Order_20171214094001',2,1514370600,'dd','N',1,'13577788888',2,'ddd',NULL,1513215601,1513215601,NULL),(15,37,'Order_20171214163709',20,1514370600,'ttt','Y',2,'13577784588',2,'dddd',NULL,1513240629,1513240629,NULL),(16,37,'Order_20171214163815',20,1514370600,'ttt','Y',2,'13577784588',2,'dddd',NULL,1513240695,1513240695,NULL),(17,37,'Order_20171214164127',20,1514370600,'ttt','Y',2,'13577784588',0,'dddd',NULL,1513240887,1513240887,NULL),(18,39,'Order_20171214164126',20,1517317802,'ttt','Y',2,'15173178023',2,'dddd',NULL,1517317802,1517317802,1514537489),(19,39,'Order_20171214164145',1,1517317805,'ttt','N',0,'15173178023',3,'dddd',NULL,1517317806,1517317806,1514537503),(20,39,'Order_20171214164144',2,1517317804,'ttt','N',1,'15173178023',1,'dddd',NULL,1517317808,1517317808,NULL),(21,39,'Order_20171214164143',2,1517317804,'呃呃呃','N',0,'15173178023',3,'dddd',NULL,1517317808,1517317808,1515136049),(22,45,'Order_20171227101311',1,1514397600,'qqq','N',1,'13107410164',0,'',NULL,1514340791,1514340791,NULL),(23,45,'Order_20171227101353',1,1514480400,'qqq','N',1,'13107410164',0,'',NULL,1514340833,1514340833,NULL),(24,45,'Order_20171227101420',1,1514570400,'www','N',1,'13107410164',0,'',NULL,1514340860,1514340860,NULL),(25,45,'Order_20171227101840',1,1514826000,'eeee','N',1,'13107410164',0,'',NULL,1514341120,1514341120,NULL),(26,45,'Order_20171227102119',1,1514482200,'ewr','N',1,'13107410164',0,'',NULL,1514341279,1514341279,NULL),(27,48,'Order_20171227162609',12,1514480400,'qqqq','N',12,'13107410164',0,'',NULL,1514363169,1514363169,1515996776),(28,48,'Order_20171227164754',1,1514365200,'www','N',1,'13107410164',0,'',NULL,1514364474,1514364474,1515996817),(29,48,'Order_20171228161356',8,1514572200,'eeee','N',8,'13107410164',0,'',NULL,1514448836,1514448836,1515996847),(30,48,'Order_20180103091853',1,1515004200,'qqqqqqqqqqqqqq','N',1,'13107410164',0,'',NULL,1514942333,1514942333,1515996870),(31,48,'Order_20180109111708',1,1515517200,'ys','N',1,'13107410164',0,'qwer',NULL,1515467828,1515467828,1515997017),(32,48,'Order_20180115141605',1,1516125600,'qwerasdf','N',1,'13107410164',0,'',NULL,1515996965,1515996965,1515997535),(33,48,'Order_20180115141611',1,1516125600,'qqqq','N',1,'13107410164',0,'',NULL,1515996971,1515996971,1515997148),(34,48,'Order_20180115141620',6,1516212000,'erwer','N',6,'13107410164',0,'',NULL,1515996980,1515996980,1515997195),(35,48,'Order_20180115142010',9,1516213800,'12qae','N',9,'13107410164',0,'',NULL,1515997210,1515997210,1515997235),(36,48,'Order_20180115142020',1,1516213800,'wersdf','N',1,'13107410164',0,'',NULL,1515997220,1515997220,1515997528),(37,48,'Order_20180115142029',1,1516122000,'sdfvxzcv','N',1,'13107410164',0,'',NULL,1515997229,1515997229,1515997585),(38,48,'Order_20180115142545',1,1516122000,'13dsaf','N',1,'13107410164',0,'',NULL,1515997545,1515997545,1515997921),(39,48,'Order_20180115142554',6,1516212000,'zxcvas','N',6,'13107410164',0,'',NULL,1515997554,1515997554,1515997576),(40,48,'Order_20180115142600',1,1516294800,'qwersa','N',1,'13107410164',0,'',NULL,1515997560,1515997560,1515997694),(41,48,'Order_20180115142608',1,1516294800,'qwerdcfadsf','N',1,'13107410164',0,'',NULL,1515997568,1515997568,1515997580),(42,48,'Order_20180115142733',1,1516208400,'eeqw','N',1,'13107410164',0,'',NULL,1515997653,1515997653,1515997878),(43,48,'Order_20180115142737',1,1516294800,'ee','N',1,'13107410164',0,'',NULL,1515997657,1515997657,1515997723),(44,48,'Order_20180115142744',1,1516294800,'rrr','N',1,'13107410164',0,'',NULL,1515997664,1515997664,NULL),(45,48,'Order_20180115142750',1,1516122000,'www','N',1,'13107410164',0,'',NULL,1515997670,1515997670,1515997767),(46,48,'Order_20180115142756',1,1516035600,'eeeerqwer','N',1,'13107410164',0,'',NULL,1515997676,1515997676,1515997926),(47,42,'Order_20180119155703',1,1516482000,'666','N',1,'15555527123',0,'',NULL,1516348623,1516348623,NULL);
/*!40000 ALTER TABLE `cy_reserve` ENABLE KEYS */;

#
# Structure for table "cy_sys_message_status"
#

DROP TABLE IF EXISTS `cy_sys_message_status`;
CREATE TABLE `cy_sys_message_status` (
  `id` int(11) unsigned NOT NULL AUTO_INCREMENT,
  `sys_message_id` int(11) unsigned NOT NULL COMMENT '系统信息ID',
  `member_id` int(11) unsigned NOT NULL,
  `status` tinyint(2) unsigned DEFAULT NULL COMMENT '状态：1-已读，2-已删',
  `create_time` int(11) unsigned NOT NULL,
  PRIMARY KEY (`id`)
) ENGINE=MyISAM AUTO_INCREMENT=59 DEFAULT CHARSET=utf8;

#
# Data for table "cy_sys_message_status"
#

/*!40000 ALTER TABLE `cy_sys_message_status` DISABLE KEYS */;
INSERT INTO `cy_sys_message_status` VALUES (1,2,38,1,0),(2,1,39,1,1515636855),(3,1,39,1,1515638146),(4,3,39,1,1515638173),(5,3,39,1,1515638538),(6,1,39,1,1515638546),(7,1,39,1,1515638642),(8,0,39,1,1515638642),(9,0,39,1,1515638648),(10,0,39,1,1515638651),(11,0,39,1,1515638656),(12,1,39,1,1515638672),(13,0,39,1,1515638672),(14,1,39,1,1515638676),(15,0,39,1,1515638676),(16,1,39,1,1515638726),(17,0,39,1,1515638726),(18,1,39,1,1515638731),(19,0,39,1,1515638731),(20,1,39,1,1515638769),(21,0,39,1,1515638769),(22,1,39,1,1515638805),(23,0,39,1,1515638806),(24,1,39,1,1515638809),(25,0,39,1,1515638809),(26,1,39,1,1515638886),(27,1,39,1,1515638886),(28,1,39,1,1515638908),(29,1,39,1,1515638958),(30,1,39,1,1515638959),(31,1,39,1,1515638961),(32,1,39,1,1515638961),(33,1,39,1,1515638961),(34,1,39,1,1515638981),(35,1,39,1,1515638982),(36,1,39,1,1515638983),(37,1,39,1,1515638983),(38,1,39,1,1515639005),(39,1,39,1,1515639028),(40,1,39,1,1515639058),(41,1,39,1,1515639093),(42,1,39,2,1515639191),(43,2,39,2,1515639275),(44,3,39,2,1515639471),(45,2,42,1,1515653169),(46,1,42,1,1515653174),(47,3,42,1,1515653178),(48,1,42,1,1515996764),(49,3,42,1,1515996766),(50,1,42,1,1515996823),(51,3,42,1,1515996826),(52,1,48,1,1515999463),(53,2,48,1,1515999933),(54,1,48,2,1516000385),(55,3,48,1,1516000483),(56,2,48,2,1516000488),(57,3,48,2,1516000489),(58,2,42,1,1516352298);
/*!40000 ALTER TABLE `cy_sys_message_status` ENABLE KEYS */;

#
# Structure for table "cy_withdraw_log"
#

DROP TABLE IF EXISTS `cy_withdraw_log`;
CREATE TABLE `cy_withdraw_log` (
  `id` int(11) unsigned NOT NULL AUTO_INCREMENT,
  `member_id` int(11) unsigned NOT NULL DEFAULT '0' COMMENT '用户ID',
  `order_id` int(11) unsigned NOT NULL DEFAULT '0' COMMENT '订单ID',
  `hand_by` int(11) unsigned NOT NULL DEFAULT '0' COMMENT '经手人后台管理员ID',
  `refund_reason` varchar(255) NOT NULL DEFAULT '' COMMENT '退款原因',
  `create_time` int(11) unsigned NOT NULL,
  `update_time` int(11) unsigned NOT NULL,
  `delete_time` int(11) unsigned DEFAULT NULL,
  PRIMARY KEY (`id`)
) ENGINE=InnoDB AUTO_INCREMENT=14 DEFAULT CHARSET=utf8 COMMENT='退款操作日志';

#
# Data for table "cy_withdraw_log"
#

INSERT INTO `cy_withdraw_log` VALUES (1,42,110,1,'',0,0,NULL),(2,42,110,1,'',0,0,NULL),(5,48,111,1,'',0,0,NULL),(6,42,110,1,'',0,0,NULL),(7,42,110,1,'',0,0,NULL),(8,48,111,1,'',0,0,NULL),(9,48,112,1,'',0,0,NULL),(10,48,112,1,'',0,0,NULL),(11,48,113,1,'',0,0,NULL),(12,48,114,1,'',0,0,NULL),(13,48,446,1,'',0,0,NULL);

#
# Procedure "test1"
#

DROP PROCEDURE IF EXISTS `test1`;
CREATE PROCEDURE `test1`()
BEGIN
	UPDATE cy_reserve SET `status`=2 WHERE `time`<unix_timestamp(now()) AND `status`=0;
END;
